client_product,supplier_product,client_category,supplier_category,required_quantity,available_quantity,client_budget,supplier_unit_price,client_location,supplier_location,delivery_required,supplier_delivery_capability,match_label,label_rule
steel brackets,steel brackets,Steel & Metals,Steel & Metals,1169,1817,282938,159,Pune,Pune,14 days,21 days nationwide,0,"positive only if same category family, quantity sufficient, estimated cost within budget, and delivery days <= required days"
steel brackets,steel brackets,Steel & Metals,Steel & Metals,1206,2321,201340,149,Pune Maharashtra,Pune Maharashtra,45 days,45 days nationwide,1,"positive only if same category family, quantity sufficient, estimated cost within budget, and delivery days <= required days"
steel brackets,industrial metal components,Steel & Metals,Steel & Metals,1869,3346,522326,186,Pune Maharashtra,Pune Maharashtra,30 days,14 days nationwide,1,"positive only if same category family, quantity sufficient, estimated cost within budget, and delivery days <= required days"
steel brackets,industrial metal components,Steel & Metals,Steel & Metals,2204,2475,535903,174,Chennai,Chennai,45 days,7 days nationwide,1,"positive only if same category family, quantity sufficient, estimated cost within budget, and delivery days <= required days"
steel brackets,steel and aluminum mechanical parts,Steel & Metals,Steel & Metals,1009,2095,289334,194,Pune Maharashtra,Pune,45 days,7 days nationwide,1,"positive only if same category family, quantity sufficient, estimated cost within budget, and delivery days <= required days"
steel brackets,steel and aluminum mechanical parts,Steel & Metals,Steel & Metals,4000,4909,893286,153,Chennai,Chennai,30 days,10 days nationwide,1,"positive only if same category family, quantity sufficient, estimated cost within budget, and delivery days <= required days"
steel brackets,galvanized steel fasteners,Steel & Metals,Steel & Metals,7291,11592,723719,86,Mumbai,Pune,21 days,7 days nationwide,1,"positive only if same category family, quantity sufficient, estimated cost within budget, and delivery days <= required days"
steel brackets,galvanized steel fasteners,Steel & Metals,Steel & Metals,4067,7403,1159123,189,Mumbai,Mumbai,21 days,21 days nationwide,1,"positive only if same category family, quantity sufficient, estimated cost within budget, and delivery days <= required days"
steel brackets,stainless steel fittings,Steel & Metals,Steel & Metals,6258,12362,1335870,169,Pune,Pune,45 days,10 days nationwide,1,"positive only if same category family, quantity sufficient, estimated cost within budget, and delivery days <= required days"
steel brackets,stainless steel fittings,Steel & Metals,Steel & Metals,5618,7190,1366188,164,Mumbai,Mumbai,14 days,21 days nationwide,0,"positive only if same category family, quantity sufficient, estimated cost within budget, and delivery days <= required days"
steel brackets,corrugated cartons,Steel & Metals,Industrial Components,4013,4113,321040,50,Pune,Delhi,30 days,14 days,0,"positive only if same category family, quantity sufficient, estimated cost within budget, and delivery days <= required days"
steel brackets,industrial packaging boxes,Steel & Metals,Industrial Components,2565,2665,205200,50,Pune,Delhi,30 days,14 days,0,"positive only if same category family, quantity sufficient, estimated cost within budget, and delivery days <= required days"
steel brackets,protective packing material,Steel & Metals,Electronics,3059,3159,244720,50,Pune,Delhi,30 days,14 days,0,"positive only if same category family, quantity sufficient, estimated cost within budget, and delivery days <= required days"
steel brackets,custom cardboard cartons,Steel & Metals,Packaging,1129,1229,90320,50,Pune,Delhi,30 days,14 days,0,"positive only if same category family, quantity sufficient, estimated cost within budget, and delivery days <= required days"
steel brackets,steel brackets,Steel & Metals,Steel & Metals,5000,1000,800000,120,Pune,Pune,30 days,14 days,0,"positive only if same category family, quantity sufficient, estimated cost within budget, and delivery days <= required days"
steel brackets,steel brackets,Steel & Metals,Steel & Metals,2000,9000,50000,80,Pune,Pune,10 days,30 days,0,"positive only if same category family, quantity sufficient, estimated cost within budget, and delivery days <= required days"
industrial metal components,steel brackets,Steel & Metals,Steel & Metals,1358,2469,253186,137,Chennai,Chennai,21 days,7 days nationwide,1,"positive only if same category family, quantity sufficient, estimated cost within budget, and delivery days <= required days"
industrial metal components,steel brackets,Steel & Metals,Steel & Metals,4740,8025,686558,119,Pune Maharashtra,Pune,30 days,7 days nationwide,1,"positive only if same category family, quantity sufficient, estimated cost within budget, and delivery days <= required days"
industrial metal components,industrial metal components,Steel & Metals,Steel & Metals,3775,5737,880994,198,Pune,Pune,45 days,45 days nationwide,1,"positive only if same category family, quantity sufficient, estimated cost within budget, and delivery days <= required days"
industrial metal components,industrial metal components,Steel & Metals,Steel & Metals,7382,13370,720914,72,Chennai,Chennai,30 days,21 days nationwide,1,"positive only if same category family, quantity sufficient, estimated cost within budget, and delivery days <= required days"
industrial metal components,steel and aluminum mechanical parts,Steel & Metals,Steel & Metals,5482,10887,448492,77,Pune,Pune,14 days,7 days nationwide,1,"positive only if same category family, quantity sufficient, estimated cost within budget, and delivery days <= required days"
industrial metal components,steel and aluminum mechanical parts,Steel & Metals,Steel & Metals,5725,7073,781658,103,Pune Maharashtra,Pune Maharashtra,45 days,7 days nationwide,1,"positive only if same category family, quantity sufficient, estimated cost within budget, and delivery days <= required days"
industrial metal components,galvanized steel fasteners,Steel & Metals,Steel & Metals,5722,8515,495483,62,Pune Maharashtra,Pune,21 days,21 days nationwide,1,"positive only if same category family, quantity sufficient, estimated cost within budget, and delivery days <= required days"
industrial metal components,galvanized steel fasteners,Steel & Metals,Steel & Metals,3069,6617,194999,41,Pune Maharashtra,Pune Maharashtra,21 days,21 days nationwide,1,"positive only if same category family, quantity sufficient, estimated cost within budget, and delivery days <= required days"
industrial metal components,stainless steel fittings,Steel & Metals,Steel & Metals,2494,4852,216750,67,Pune Maharashtra,Pune,30 days,21 days nationwide,1,"positive only if same category family, quantity sufficient, estimated cost within budget, and delivery days <= required days"
industrial metal components,stainless steel fittings,Steel & Metals,Steel & Metals,3852,6063,814145,182,Chennai,Pune,30 days,10 days nationwide,1,"positive only if same category family, quantity sufficient, estimated cost within budget, and delivery days <= required days"
industrial metal components,hydraulic fittings,Steel & Metals,Logistics,2584,2684,206720,50,Pune,Delhi,30 days,14 days,0,"positive only if same category family, quantity sufficient, estimated cost within budget, and delivery days <= required days"
industrial metal components,mechanical couplings,Steel & Metals,Raw Materials,587,687,46960,50,Pune,Delhi,30 days,14 days,0,"positive only if same category family, quantity sufficient, estimated cost within budget, and delivery days <= required days"
industrial metal components,industrial machine parts,Steel & Metals,Raw Materials,2717,2817,217360,50,Pune,Delhi,30 days,14 days,0,"positive only if same category family, quantity sufficient, estimated cost within budget, and delivery days <= required days"
industrial metal components,precision machined components,Steel & Metals,Textiles,3484,3584,278720,50,Pune,Delhi,30 days,14 days,0,"positive only if same category family, quantity sufficient, estimated cost within budget, and delivery days <= required days"
industrial metal components,steel brackets,Steel & Metals,Steel & Metals,5000,1000,800000,120,Pune,Pune,30 days,14 days,0,"positive only if same category family, quantity sufficient, estimated cost within budget, and delivery days <= required days"
industrial metal components,steel brackets,Steel & Metals,Steel & Metals,2000,9000,50000,80,Pune,Pune,10 days,30 days,0,"positive only if same category family, quantity sufficient, estimated cost within budget, and delivery days <= required days"
steel and aluminum mechanical parts,steel brackets,Steel & Metals,Steel & Metals,2815,4846,522967,132,Chennai,Pune,30 days,7 days nationwide,1,"positive only if same category family, quantity sufficient, estimated cost within budget, and delivery days <= required days"
steel and aluminum mechanical parts,steel brackets,Steel & Metals,Steel & Metals,3618,5854,216583,53,Pune,Pune,21 days,21 days nationwide,1,"positive only if same category family, quantity sufficient, estimated cost within budget, and delivery days <= required days"
steel and aluminum mechanical parts,industrial metal components,Steel & Metals,Steel & Metals,6451,13636,441759,50,Mumbai,Pune,21 days,10 days nationwide,1,"positive only if same category family, quantity sufficient, estimated cost within budget, and delivery days <= required days"
steel and aluminum mechanical parts,industrial metal components,Steel & Metals,Steel & Metals,4931,10613,693534,95,Pune,Pune,21 days,7 days nationwide,1,"positive only if same category family, quantity sufficient, estimated cost within budget, and delivery days <= required days"
steel and aluminum mechanical parts,steel and aluminum mechanical parts,Steel & Metals,Steel & Metals,5533,11776,815346,108,Chennai,Chennai,30 days,14 days nationwide,1,"positive only if same category family, quantity sufficient, estimated cost within budget, and delivery days <= required days"
steel and aluminum mechanical parts,steel and aluminum mechanical parts,Steel & Metals,Steel & Metals,2502,4125,456976,172,Chennai,Chennai,21 days,10 days nationwide,1,"positive only if same category family, quantity sufficient, estimated cost within budget, and delivery days <= required days"
steel and aluminum mechanical parts,galvanized steel fasteners,Steel & Metals,Steel & Metals,4571,7711,228263,45,Pune,Pune,30 days,21 days nationwide,1,"positive only if same category family, quantity sufficient, estimated cost within budget, and delivery days <= required days"
steel and aluminum mechanical parts,galvanized steel fasteners,Steel & Metals,Steel & Metals,2609,4920,544081,188,Chennai,Pune,45 days,21 days nationwide,1,"positive only if same category family, quantity sufficient, estimated cost within budget, and delivery days <= required days"
steel and aluminum mechanical parts,stainless steel fittings,Steel & Metals,Steel & Metals,2273,3837,74109,26,Pune Maharashtra,Pune Maharashtra,21 days,21 days nationwide,1,"positive only if same category family, quantity sufficient, estimated cost within budget, and delivery days <= required days"
steel and aluminum mechanical parts,stainless steel fittings,Steel & Metals,Steel & Metals,6561,14078,1172186,134,Pune Maharashtra,Pune Maharashtra,21 days,21 days nationwide,1,"positive only if same category family, quantity sufficient, estimated cost within budget, and delivery days <= required days"
steel and aluminum mechanical parts,corrugated cartons,Steel & Metals,Industrial Components,1240,1340,99200,50,Pune,Delhi,30 days,14 days,0,"positive only if same category family, quantity sufficient, estimated cost within budget, and delivery days <= required days"
steel and aluminum mechanical parts,industrial packaging boxes,Steel & Metals,Packaging,702,802,56160,50,Pune,Delhi,30 days,14 days,0,"positive only if same category family, quantity sufficient, estimated cost within budget, and delivery days <= required days"
steel and aluminum mechanical parts,protective packing material,Steel & Metals,Logistics,2457,2557,196560,50,Pune,Delhi,30 days,14 days,0,"positive only if same category family, quantity sufficient, estimated cost within budget, and delivery days <= required days"
steel and aluminum mechanical parts,custom cardboard cartons,Steel & Metals,Electronics,4965,5065,397200,50,Pune,Delhi,30 days,14 days,0,"positive only if same category family, quantity sufficient, estimated cost within budget, and delivery days <= required days"
steel and aluminum mechanical parts,steel brackets,Steel & Metals,Steel & Metals,5000,1000,800000,120,Pune,Pune,30 days,14 days,0,"positive only if same category family, quantity sufficient, estimated cost within budget, and delivery days <= required days"
steel and aluminum mechanical parts,steel brackets,Steel & Metals,Steel & Metals,2000,9000,50000,80,Pune,Pune,10 days,30 days,0,"positive only if same category family, quantity sufficient, estimated cost within budget, and delivery days <= required days"
galvanized steel fasteners,steel brackets,Steel & Metals,Steel & Metals,7187,13733,1905417,172,Mumbai,Mumbai,45 days,7 days nationwide,1,"positive only if same category family, quantity sufficient, estimated cost within budget, and delivery days <= required days"
galvanized steel fasteners,steel brackets,Steel & Metals,Steel & Metals,665,1204,131916,158,Mumbai,Pune,45 days,7 days nationwide,1,"positive only if same category family, quantity sufficient, estimated cost within budget, and delivery days <= required days"
galvanized steel fasteners,industrial metal components,Steel & Metals,Steel & Metals,6100,12976,1295202,190,Chennai,Pune,14 days,7 days nationwide,1,"positive only if same category family, quantity sufficient, estimated cost within budget, and delivery days <= required days"
galvanized steel fasteners,industrial metal components,Steel & Metals,Steel & Metals,6100,10609,485636,52,Pune Maharashtra,Pune Maharashtra,14 days,7 days nationwide,1,"positive only if same category family, quantity sufficient, estimated cost within budget, and delivery days <= required days"
galvanized steel fasteners,steel and aluminum mechanical parts,Steel & Metals,Steel & Metals,2827,6127,347937,109,Pune,Pune,30 days,30 days nationwide,1,"positive only if same category family, quantity sufficient, estimated cost within budget, and delivery days <= required days"
galvanized steel fasteners,steel and aluminum mechanical parts,Steel & Metals,Steel & Metals,2594,4745,124593,43,Chennai,Chennai,21 days,14 days nationwide,1,"positive only if same category family, quantity sufficient, estimated cost within budget, and delivery days <= required days"
galvanized steel fasteners,galvanized steel fasteners,Steel & Metals,Steel & Metals,5706,7302,1441380,175,Mumbai,Pune,45 days,7 days nationwide,1,"positive only if same category family, quantity sufficient, estimated cost within budget, and delivery days <= required days"
galvanized steel fasteners,galvanized steel fasteners,Steel & Metals,Steel & Metals,3753,7943,199975,42,Pune,Pune,45 days,10 days nationwide,1,"positive only if same category family, quantity sufficient, estimated cost within budget, and delivery days <= required days"
galvanized steel fasteners,stainless steel fittings,Steel & Metals,Steel & Metals,4164,8948,733392,113,Pune,Pune,21 days,14 days nationwide,1,"positive only if same category family, quantity sufficient, estimated cost within budget, and delivery days <= required days"
galvanized steel fasteners,stainless steel fittings,Steel & Metals,Steel & Metals,1611,1887,243330,134,Pune,Pune,30 days,14 days nationwide,1,"positive only if same category family, quantity sufficient, estimated cost within budget, and delivery days <= required days"
galvanized steel fasteners,palletized freight handling,Steel & Metals,Logistics,1316,1416,105280,50,Pune,Delhi,30 days,14 days,0,"positive only if same category family, quantity sufficient, estimated cost within budget, and delivery days <= required days"
galvanized steel fasteners,inland cargo transport,Steel & Metals,Raw Materials,3822,3922,305760,50,Pune,Delhi,30 days,14 days,0,"positive only if same category family, quantity sufficient, estimated cost within budget, and delivery days <= required days"
galvanized steel fasteners,warehouse logistics service,Steel & Metals,Textiles,2444,2544,195520,50,Pune,Delhi,30 days,14 days,0,"positive only if same category family, quantity sufficient, estimated cost within budget, and delivery days <= required days"
galvanized steel fasteners,road freight capacity,Steel & Metals,Raw Materials,3354,3454,268320,50,Pune,Delhi,30 days,14 days,0,"positive only if same category family, quantity sufficient, estimated cost within budget, and delivery days <= required days"
galvanized steel fasteners,steel brackets,Steel & Metals,Steel & Metals,5000,1000,800000,120,Pune,Pune,30 days,14 days,0,"positive only if same category family, quantity sufficient, estimated cost within budget, and delivery days <= required days"
galvanized steel fasteners,steel brackets,Steel & Metals,Steel & Metals,2000,9000,50000,80,Pune,Pune,10 days,30 days,0,"positive only if same category family, quantity sufficient, estimated cost within budget, and delivery days <= required days"
stainless steel fittings,steel brackets,Steel & Metals,Steel & Metals,6852,8054,237368,23,Pune Maharashtra,Pune Maharashtra,21 days,21 days nationwide,1,"positive only if same category family, quantity sufficient, estimated cost within budget, and delivery days <= required days"
stainless steel fittings,steel brackets,Steel & Metals,Steel & Metals,2244,3920,579803,187,Pune Maharashtra,Pune Maharashtra,45 days,10 days nationwide,1,"positive only if same category family, quantity sufficient, estimated cost within budget, and delivery days <= required days"
stainless steel fittings,industrial metal components,Steel & Metals,Steel & Metals,7448,13404,1091902,96,Mumbai,Pune,21 days,14 days nationwide,1,"positive only if same category family, quantity sufficient, estimated cost within budget, and delivery days <= required days"
stainless steel fittings,industrial metal components,Steel & Metals,Steel & Metals,2358,4498,446726,171,Pune,Pune,45 days,45 days nationwide,1,"positive only if same category family, quantity sufficient, estimated cost within budget, and delivery days <= required days"
stainless steel fittings,steel and aluminum mechanical parts,Steel & Metals,Steel & Metals,3183,6360,178730,46,Chennai,Pune,45 days,7 days nationwide,1,"positive only if same category family, quantity sufficient, estimated cost within budget, and delivery days <= required days"
stainless steel fittings,steel and aluminum mechanical parts,Steel & Metals,Steel & Metals,7407,10202,1014484,123,Pune,Pune,14 days,14 days nationwide,1,"positive only if same category family, quantity sufficient, estimated cost within budget, and delivery days <= required days"
stainless steel fittings,galvanized steel fasteners,Steel & Metals,Steel & Metals,1961,2179,137528,51,Chennai,Chennai,30 days,21 days nationwide,1,"positive only if same category family, quantity sufficient, estimated cost within budget, and delivery days <= required days"
stainless steel fittings,galvanized steel fasteners,Steel & Metals,Steel & Metals,3452,5627,796564,152,Pune,Pune,45 days,14 days nationwide,1,"positive only if same category family, quantity sufficient, estimated cost within budget, and delivery days <= required days"
stainless steel fittings,stainless steel fittings,Steel & Metals,Steel & Metals,7168,9582,606262,62,Pune Maharashtra,Pune Maharashtra,45 days,14 days nationwide,1,"positive only if same category family, quantity sufficient, estimated cost within budget, and delivery days <= required days"
stainless steel fittings,stainless steel fittings,Steel & Metals,Steel & Metals,869,1435,235944,180,Pune,Pune,14 days,7 days nationwide,1,"positive only if same category family, quantity sufficient, estimated cost within budget, and delivery days <= required days"
stainless steel fittings,polymer resin pellets,Steel & Metals,Logistics,946,1046,75680,50,Pune,Delhi,30 days,14 days,0,"positive only if same category family, quantity sufficient, estimated cost within budget, and delivery days <= required days"
stainless steel fittings,industrial raw polymer,Steel & Metals,Raw Materials,4296,4396,343680,50,Pune,Delhi,30 days,14 days,0,"positive only if same category family, quantity sufficient, estimated cost within budget, and delivery days <= required days"
stainless steel fittings,plastic granules,Steel & Metals,Packaging,4561,4661,364880,50,Pune,Delhi,30 days,14 days,0,"positive only if same category family, quantity sufficient, estimated cost within budget, and delivery days <= required days"
stainless steel fittings,commodity resin,Steel & Metals,Packaging,4908,5008,392640,50,Pune,Delhi,30 days,14 days,0,"positive only if same category family, quantity sufficient, estimated cost within budget, and delivery days <= required days"
stainless steel fittings,steel brackets,Steel & Metals,Steel & Metals,5000,1000,800000,120,Pune,Pune,30 days,14 days,0,"positive only if same category family, quantity sufficient, estimated cost within budget, and delivery days <= required days"
stainless steel fittings,steel brackets,Steel & Metals,Steel & Metals,2000,9000,50000,80,Pune,Pune,10 days,30 days,0,"positive only if same category family, quantity sufficient, estimated cost within budget, and delivery days <= required days"
printed circuit boards,printed circuit boards,Electronics,Electronics,6515,12680,1281067,133,Pune,Pune,30 days,21 days nationwide,1,"positive only if same category family, quantity sufficient, estimated cost within budget, and delivery days <= required days"
printed circuit boards,printed circuit boards,Electronics,Electronics,2923,5951,427074,112,Mumbai,Pune,45 days,10 days nationwide,1,"positive only if same category family, quantity sufficient, estimated cost within budget, and delivery days <= required days"
printed circuit boards,electronic control modules,Electronics,Electronics,5296,6412,663961,98,Pune,Pune,21 days,21 days nationwide,1,"positive only if same category family, quantity sufficient, estimated cost within budget, and delivery days <= required days"
printed circuit boards,electronic control modules,Electronics,Electronics,4287,6115,458665,85,Pune,Pune,14 days,21 days nationwide,0,"positive only if same category family, quantity sufficient, estimated cost within budget, and delivery days <= required days"
printed circuit boards,pcb assemblies,Electronics,Electronics,2726,5734,580347,173,Mumbai,Mumbai,21 days,14 days nationwide,1,"positive only if same category family, quantity sufficient, estimated cost within budget, and delivery days <= required days"
printed circuit boards,pcb assemblies,Electronics,Electronics,4169,8233,767056,137,Pune,Pune,45 days,21 days nationwide,1,"positive only if same category family, quantity sufficient, estimated cost within budget, and delivery days <= required days"
printed circuit boards,industrial sensors,Electronics,Electronics,2661,3413,514826,127,Pune,Pune,30 days,30 days nationwide,1,"positive only if same category family, quantity sufficient, estimated cost within budget, and delivery days <= required days"
printed circuit boards,industrial sensors,Electronics,Electronics,5271,9933,213841,37,Mumbai,Mumbai,30 days,30 days nationwide,1,"positive only if same category family, quantity sufficient, estimated cost within budget, and delivery days <= required days"
printed circuit boards,power supply units,Electronics,Electronics,1530,3015,210652,93,Chennai,Chennai,30 days,30 days nationwide,1,"positive only if same category family, quantity sufficient, estimated cost within budget, and delivery days <= required days"
printed circuit boards,power supply units,Electronics,Electronics,1175,2031,84186,65,Pune,Pune,30 days,21 days nationwide,1,"positive only if same category family, quantity sufficient, estimated cost within budget, and delivery days <= required days"
printed circuit boards,corrugated cartons,Electronics,Industrial Components,535,635,42800,50,Pune,Delhi,30 days,14 days,0,"positive only if same category family, quantity sufficient, estimated cost within budget, and delivery days <= required days"
printed circuit boards,industrial packaging boxes,Electronics,Textiles,2641,2741,211280,50,Pune,Delhi,30 days,14 days,0,"positive only if same category family, quantity sufficient, estimated cost within budget, and delivery days <= required days"
printed circuit boards,protective packing material,Electronics,Industrial Components,3556,3656,284480,50,Pune,Delhi,30 days,14 days,0,"positive only if same category family, quantity sufficient, estimated cost within budget, and delivery days <= required days"
printed circuit boards,custom cardboard cartons,Electronics,Raw Materials,3774,3874,301920,50,Pune,Delhi,30 days,14 days,0,"positive only if same category family, quantity sufficient, estimated cost within budget, and delivery days <= required days"
printed circuit boards,printed circuit boards,Electronics,Electronics,5000,1000,800000,120,Pune,Pune,30 days,14 days,0,"positive only if same category family, quantity sufficient, estimated cost within budget, and delivery days <= required days"
printed circuit boards,printed circuit boards,Electronics,Electronics,2000,9000,50000,80,Pune,Pune,10 days,30 days,0,"positive only if same category family, quantity sufficient, estimated cost within budget, and delivery days <= required days"
electronic control modules,printed circuit boards,Electronics,Electronics,7400,11958,1664286,163,Chennai,Pune,14 days,14 days nationwide,1,"positive only if same category family, quantity sufficient, estimated cost within budget, and delivery days <= required days"
electronic control modules,printed circuit boards,Electronics,Electronics,1398,1608,191505,107,Chennai,Chennai,30 days,30 days nationwide,1,"positive only if same category family, quantity sufficient, estimated cost within budget, and delivery days <= required days"
electronic control modules,electronic control modules,Electronics,Electronics,5979,12454,702839,80,Chennai,Chennai,30 days,10 days nationwide,1,"positive only if same category family, quantity sufficient, estimated cost within budget, and delivery days <= required days"
electronic control modules,electronic control modules,Electronics,Electronics,3231,3978,975826,193,Pune Maharashtra,Pune Maharashtra,14 days,14 days nationwide,1,"positive only if same category family, quantity sufficient, estimated cost within budget, and delivery days <= required days"
electronic control modules,pcb assemblies,Electronics,Electronics,1459,2459,344756,151,Mumbai,Mumbai,21 days,21 days nationwide,1,"positive only if same category family, quantity sufficient, estimated cost within budget, and delivery days <= required days"
electronic control modules,pcb assemblies,Electronics,Electronics,4095,8946,128841,20,Pune,Pune,30 days,14 days nationwide,1,"positive only if same category family, quantity sufficient, estimated cost within budget, and delivery days <= required days"
electronic control modules,industrial sensors,Electronics,Electronics,7084,8431,1303842,134,Mumbai,Mumbai,14 days,21 days nationwide,0,"positive only if same category family, quantity sufficient, estimated cost within budget, and delivery days <= required days"
electronic control modules,industrial sensors,Electronics,Electronics,592,1183,74777,97,Pune Maharashtra,Pune Maharashtra,21 days,10 days nationwide,1,"positive only if same category family, quantity sufficient, estimated cost within budget, and delivery days <= required days"
electronic control modules,power supply units,Electronics,Electronics,4366,8507,897223,185,Pune,Pune,21 days,21 days nationwide,1,"positive only if same category family, quantity sufficient, estimated cost within budget, and delivery days <= required days"
electronic control modules,power supply units,Electronics,Electronics,7094,14276,306366,27,Mumbai,Mumbai,14 days,7 days nationwide,1,"positive only if same category family, quantity sufficient, estimated cost within budget, and delivery days <= required days"
electronic control modules,hydraulic fittings,Electronics,Raw Materials,906,1006,72480,50,Pune,Delhi,30 days,14 days,0,"positive only if same category family, quantity sufficient, estimated cost within budget, and delivery days <= required days"
electronic control modules,mechanical couplings,Electronics,Logistics,4536,4636,362880,50,Pune,Delhi,30 days,14 days,0,"positive only if same category family, quantity sufficient, estimated cost within budget, and delivery days <= required days"
electronic control modules,industrial machine parts,Electronics,Packaging,630,730,50400,50,Pune,Delhi,30 days,14 days,0,"positive only if same category family, quantity sufficient, estimated cost within budget, and delivery days <= required days"
electronic control modules,precision machined components,Electronics,Textiles,1583,1683,126640,50,Pune,Delhi,30 days,14 days,0,"positive only if same category family, quantity sufficient, estimated cost within budget, and delivery days <= required days"
electronic control modules,printed circuit boards,Electronics,Electronics,5000,1000,800000,120,Pune,Pune,30 days,14 days,0,"positive only if same category family, quantity sufficient, estimated cost within budget, and delivery days <= required days"
electronic control modules,printed circuit boards,Electronics,Electronics,2000,9000,50000,80,Pune,Pune,10 days,30 days,0,"positive only if same category family, quantity sufficient, estimated cost within budget, and delivery days <= required days"
pcb assemblies,printed circuit boards,Electronics,Electronics,1572,3054,402259,165,Mumbai,Pune,14 days,10 days nationwide,1,"positive only if same category family, quantity sufficient, estimated cost within budget, and delivery days <= required days"
pcb assemblies,printed circuit boards,Electronics,Electronics,541,600,14966,20,Chennai,Chennai,45 days,45 days nationwide,1,"positive only if same category family, quantity sufficient, estimated cost within budget, and delivery days <= required days"
pcb assemblies,electronic control modules,Electronics,Electronics,2289,2554,500009,140,Chennai,Chennai,45 days,7 days nationwide,1,"positive only if same category family, quantity sufficient, estimated cost within budget, and delivery days <= required days"
pcb assemblies,electronic control modules,Electronics,Electronics,6648,7287,1312093,170,Mumbai,Mumbai,14 days,7 days nationwide,1,"positive only if same category family, quantity sufficient, estimated cost within budget, and delivery days <= required days"
pcb assemblies,pcb assemblies,Electronics,Electronics,4283,7600,170197,35,Mumbai,Pune,45 days,45 days nationwide,1,"positive only if same category family, quantity sufficient, estimated cost within budget, and delivery days <= required days"
pcb assemblies,pcb assemblies,Electronics,Electronics,618,1153,66780,68,Mumbai,Mumbai,30 days,21 days nationwide,1,"positive only if same category family, quantity sufficient, estimated cost within budget, and delivery days <= required days"
pcb assemblies,industrial sensors,Electronics,Electronics,908,997,77158,59,Pune,Pune,45 days,14 days nationwide,1,"positive only if same category family, quantity sufficient, estimated cost within budget, and delivery days <= required days"
pcb assemblies,industrial sensors,Electronics,Electronics,6276,13663,433150,53,Pune Maharashtra,Pune Maharashtra,30 days,21 days nationwide,1,"positive only if same category family, quantity sufficient, estimated cost within budget, and delivery days <= required days"
pcb assemblies,power supply units,Electronics,Electronics,5273,6416,410277,64,Mumbai,Mumbai,45 days,14 days nationwide,1,"positive only if same category family, quantity sufficient, estimated cost within budget, and delivery days <= required days"
pcb assemblies,power supply units,Electronics,Electronics,2431,5182,374138,136,Mumbai,Mumbai,21 days,14 days nationwide,1,"positive only if same category family, quantity sufficient, estimated cost within budget, and delivery days <= required days"
pcb assemblies,cotton fabric rolls,Electronics,Steel & Metals,1082,1182,86560,50,Pune,Delhi,30 days,14 days,0,"positive only if same category family, quantity sufficient, estimated cost within budget, and delivery days <= required days"
pcb assemblies,industrial textile material,Electronics,Steel & Metals,4880,4980,390400,50,Pune,Delhi,30 days,14 days,0,"positive only if same category family, quantity sufficient, estimated cost within budget, and delivery days <= required days"
pcb assemblies,woven cotton cloth,Electronics,Packaging,4765,4865,381200,50,Pune,Delhi,30 days,14 days,0,"positive only if same category family, quantity sufficient, estimated cost within budget, and delivery days <= required days"
pcb assemblies,polyester fabric,Electronics,Packaging,920,1020,73600,50,Pune,Delhi,30 days,14 days,0,"positive only if same category family, quantity sufficient, estimated cost within budget, and delivery days <= required days"
pcb assemblies,printed circuit boards,Electronics,Electronics,5000,1000,800000,120,Pune,Pune,30 days,14 days,0,"positive only if same category family, quantity sufficient, estimated cost within budget, and delivery days <= required days"
pcb assemblies,printed circuit boards,Electronics,Electronics,2000,9000,50000,80,Pune,Pune,10 days,30 days,0,"positive only if same category family, quantity sufficient, estimated cost within budget, and delivery days <= required days"
industrial sensors,printed circuit boards,Electronics,Electronics,5110,8955,693465,97,Pune,Pune,45 days,14 days nationwide,1,"positive only if same category family, quantity sufficient, estimated cost within budget, and delivery days <= required days"
industrial sensors,printed circuit boards,Electronics,Electronics,3565,6155,488186,128,Pune Maharashtra,Pune Maharashtra,21 days,10 days nationwide,1,"positive only if same category family, quantity sufficient, estimated cost within budget, and delivery days <= required days"
industrial sensors,electronic control modules,Electronics,Electronics,1609,2748,131407,60,Mumbai,Mumbai,30 days,21 days nationwide,1,"positive only if same category family, quantity sufficient, estimated cost within budget, and delivery days <= required days"
industrial sensors,electronic control modules,Electronics,Electronics,5359,7575,463713,64,Pune Maharashtra,Pune Maharashtra,45 days,7 days nationwide,1,"positive only if same category family, quantity sufficient, estimated cost within budget, and delivery days <= required days"
industrial sensors,pcb assemblies,Electronics,Electronics,4447,7291,543582,84,Pune,Pune,30 days,30 days nationwide,1,"positive only if same category family, quantity sufficient, estimated cost within budget, and delivery days <= required days"
industrial sensors,pcb assemblies,Electronics,Electronics,7407,12209,615969,68,Chennai,Chennai,45 days,14 days nationwide,1,"positive only if same category family, quantity sufficient, estimated cost within budget, and delivery days <= required days"
industrial sensors,industrial sensors,Electronics,Electronics,812,919,49145,40,Pune,Pune,45 days,7 days nationwide,1,"positive only if same category family, quantity sufficient, estimated cost within budget, and delivery days <= required days"
industrial sensors,industrial sensors,Electronics,Electronics,2604,3252,573480,151,Pune,Pune,21 days,21 days nationwide,1,"positive only if same category family, quantity sufficient, estimated cost within budget, and delivery days <= required days"
industrial sensors,power supply units,Electronics,Electronics,5796,8567,1144134,174,Mumbai,Mumbai,14 days,21 days nationwide,0,"positive only if same category family, quantity sufficient, estimated cost within budget, and delivery days <= required days"
industrial sensors,power supply units,Electronics,Electronics,1397,3006,67983,33,Pune Maharashtra,Pune Maharashtra,45 days,14 days nationwide,1,"positive only if same category family, quantity sufficient, estimated cost within budget, and delivery days <= required days"
industrial sensors,steel brackets,Electronics,Raw Materials,3674,3774,293920,50,Pune,Delhi,30 days,14 days,0,"positive only if same category family, quantity sufficient, estimated cost within budget, and delivery days <= required days"
industrial sensors,industrial metal components,Electronics,Logistics,2245,2345,179600,50,Pune,Delhi,30 days,14 days,0,"positive only if same category family, quantity sufficient, estimated cost within budget, and delivery days <= required days"
industrial sensors,steel and aluminum mechanical parts,Electronics,Textiles,3383,3483,270640,50,Pune,Delhi,30 days,14 days,0,"positive only if same category family, quantity sufficient, estimated cost within budget, and delivery days <= required days"
industrial sensors,galvanized steel fasteners,Electronics,Raw Materials,548,648,43840,50,Pune,Delhi,30 days,14 days,0,"positive only if same category family, quantity sufficient, estimated cost within budget, and delivery days <= required days"
industrial sensors,stainless steel fittings,Electronics,Raw Materials,1440,1540,115200,50,Pune,Delhi,30 days,14 days,0,"positive only if same category family, quantity sufficient, estimated cost within budget, and delivery days <= required days"
industrial sensors,printed circuit boards,Electronics,Electronics,5000,1000,800000,120,Pune,Pune,30 days,14 days,0,"positive only if same category family, quantity sufficient, estimated cost within budget, and delivery days <= required days"
industrial sensors,printed circuit boards,Electronics,Electronics,2000,9000,50000,80,Pune,Pune,10 days,30 days,0,"positive only if same category family, quantity sufficient, estimated cost within budget, and delivery days <= required days"
power supply units,printed circuit boards,Electronics,Electronics,4438,5495,991782,148,Chennai,Chennai,14 days,14 days nationwide,1,"positive only if same category family, quantity sufficient, estimated cost within budget, and delivery days <= required days"
power supply units,printed circuit boards,Electronics,Electronics,2003,4384,386312,171,Chennai,Pune,30 days,14 days nationwide,1,"positive only if same category family, quantity sufficient, estimated cost within budget, and delivery days <= required days"
power supply units,electronic control modules,Electronics,Electronics,3444,6607,121640,27,Pune,Pune,21 days,21 days nationwide,1,"positive only if same category family, quantity sufficient, estimated cost within budget, and delivery days <= required days"
power supply units,electronic control modules,Electronics,Electronics,2330,2566,502316,183,Pune,Pune,14 days,10 days nationwide,1,"positive only if same category family, quantity sufficient, estimated cost within budget, and delivery days <= required days"
power supply units,pcb assemblies,Electronics,Electronics,4176,6753,108778,22,Chennai,Chennai,14 days,14 days nationwide,1,"positive only if same category family, quantity sufficient, estimated cost within budget, and delivery days <= required days"
power supply units,pcb assemblies,Electronics,Electronics,4671,8504,933570,136,Mumbai,Mumbai,30 days,7 days nationwide,1,"positive only if same category family, quantity sufficient, estimated cost within budget, and delivery days <= required days"
power supply units,industrial sensors,Electronics,Electronics,3249,4676,799197,187,Chennai,Chennai,45 days,14 days nationwide,1,"positive only if same category family, quantity sufficient, estimated cost within budget, and delivery days <= required days"
power supply units,industrial sensors,Electronics,Electronics,3274,6862,494442,110,Pune Maharashtra,Pune Maharashtra,14 days,14 days nationwide,1,"positive only if same category family, quantity sufficient, estimated cost within budget, and delivery days <= required days"
power supply units,power supply units,Electronics,Electronics,3054,5073,438004,113,Chennai,Chennai,14 days,14 days nationwide,1,"positive only if same category family, quantity sufficient, estimated cost within budget, and delivery days <= required days"
power supply units,power supply units,Electronics,Electronics,3436,4946,202464,51,Mumbai,Mumbai,21 days,7 days nationwide,1,"positive only if same category family, quantity sufficient, estimated cost within budget, and delivery days <= required days"
power supply units,palletized freight handling,Electronics,Packaging,2391,2491,191280,50,Pune,Delhi,30 days,14 days,0,"positive only if same category family, quantity sufficient, estimated cost within budget, and delivery days <= required days"
power supply units,inland cargo transport,Electronics,Industrial Components,1140,1240,91200,50,Pune,Delhi,30 days,14 days,0,"positive only if same category family, quantity sufficient, estimated cost within budget, and delivery days <= required days"
power supply units,warehouse logistics service,Electronics,Steel & Metals,3049,3149,243920,50,Pune,Delhi,30 days,14 days,0,"positive only if same category family, quantity sufficient, estimated cost within budget, and delivery days <= required days"
power supply units,road freight capacity,Electronics,Packaging,2369,2469,189520,50,Pune,Delhi,30 days,14 days,0,"positive only if same category family, quantity sufficient, estimated cost within budget, and delivery days <= required days"
power supply units,printed circuit boards,Electronics,Electronics,5000,1000,800000,120,Pune,Pune,30 days,14 days,0,"positive only if same category family, quantity sufficient, estimated cost within budget, and delivery days <= required days"
power supply units,printed circuit boards,Electronics,Electronics,2000,9000,50000,80,Pune,Pune,10 days,30 days,0,"positive only if same category family, quantity sufficient, estimated cost within budget, and delivery days <= required days"
corrugated cartons,corrugated cartons,Packaging,Packaging,1777,3160,412511,146,Chennai,Chennai,45 days,21 days nationwide,1,"positive only if same category family, quantity sufficient, estimated cost within budget, and delivery days <= required days"
corrugated cartons,corrugated cartons,Packaging,Packaging,4081,8524,722066,112,Chennai,Chennai,30 days,21 days nationwide,1,"positive only if same category family, quantity sufficient, estimated cost within budget, and delivery days <= required days"
corrugated cartons,industrial packaging boxes,Packaging,Packaging,1056,1998,54576,40,Chennai,Chennai,30 days,14 days nationwide,1,"positive only if same category family, quantity sufficient, estimated cost within budget, and delivery days <= required days"
corrugated cartons,industrial packaging boxes,Packaging,Packaging,5405,11795,369256,47,Mumbai,Mumbai,21 days,21 days nationwide,1,"positive only if same category family, quantity sufficient, estimated cost within budget, and delivery days <= required days"
corrugated cartons,protective packing material,Packaging,Packaging,535,586,33200,42,Chennai,Chennai,45 days,14 days nationwide,1,"positive only if same category family, quantity sufficient, estimated cost within budget, and delivery days <= required days"
corrugated cartons,protective packing material,Packaging,Packaging,7891,17159,739000,63,Pune,Pune,21 days,21 days nationwide,1,"positive only if same category family, quantity sufficient, estimated cost within budget, and delivery days <= required days"
corrugated cartons,custom cardboard cartons,Packaging,Packaging,4553,9622,1121845,164,Pune,Pune,14 days,7 days nationwide,1,"positive only if same category family, quantity sufficient, estimated cost within budget, and delivery days <= required days"
corrugated cartons,custom cardboard cartons,Packaging,Packaging,3295,3873,888689,187,Chennai,Chennai,30 days,21 days nationwide,1,"positive only if same category family, quantity sufficient, estimated cost within budget, and delivery days <= required days"
corrugated cartons,polymer resin pellets,Packaging,Textiles,3827,3927,306160,50,Pune,Delhi,30 days,14 days,0,"positive only if same category family, quantity sufficient, estimated cost within budget, and delivery days <= required days"
corrugated cartons,industrial raw polymer,Packaging,Textiles,4103,4203,328240,50,Pune,Delhi,30 days,14 days,0,"positive only if same category family, quantity sufficient, estimated cost within budget, and delivery days <= required days"
corrugated cartons,plastic granules,Packaging,Logistics,720,820,57600,50,Pune,Delhi,30 days,14 days,0,"positive only if same category family, quantity sufficient, estimated cost within budget, and delivery days <= required days"
corrugated cartons,commodity resin,Packaging,Steel & Metals,1555,1655,124400,50,Pune,Delhi,30 days,14 days,0,"positive only if same category family, quantity sufficient, estimated cost within budget, and delivery days <= required days"
corrugated cartons,corrugated cartons,Packaging,Packaging,5000,1000,800000,120,Pune,Pune,30 days,14 days,0,"positive only if same category family, quantity sufficient, estimated cost within budget, and delivery days <= required days"
corrugated cartons,corrugated cartons,Packaging,Packaging,2000,9000,50000,80,Pune,Pune,10 days,30 days,0,"positive only if same category family, quantity sufficient, estimated cost within budget, and delivery days <= required days"
industrial packaging boxes,corrugated cartons,Packaging,Packaging,5164,10518,681501,99,Mumbai,Pune,14 days,10 days nationwide,1,"positive only if same category family, quantity sufficient, estimated cost within budget, and delivery days <= required days"
industrial packaging boxes,corrugated cartons,Packaging,Packaging,6197,12889,809226,92,Pune Maharashtra,Pune Maharashtra,21 days,10 days nationwide,1,"positive only if same category family, quantity sufficient, estimated cost within budget, and delivery days <= required days"
industrial packaging boxes,industrial packaging boxes,Packaging,Packaging,6895,14006,1725067,182,Pune Maharashtra,Pune,21 days,14 days nationwide,1,"positive only if same category family, quantity sufficient, estimated cost within budget, and delivery days <= required days"
industrial packaging boxes,industrial packaging boxes,Packaging,Packaging,4622,5850,907297,179,Pune Maharashtra,Pune Maharashtra,30 days,10 days nationwide,1,"positive only if same category family, quantity sufficient, estimated cost within budget, and delivery days <= required days"
industrial packaging boxes,protective packing material,Packaging,Packaging,5882,12931,1004441,134,Pune,Pune,21 days,14 days nationwide,1,"positive only if same category family, quantity sufficient, estimated cost within budget, and delivery days <= required days"
industrial packaging boxes,protective packing material,Packaging,Packaging,1900,3526,520782,199,Pune Maharashtra,Pune Maharashtra,14 days,10 days nationwide,1,"positive only if same category family, quantity sufficient, estimated cost within budget, and delivery days <= required days"
industrial packaging boxes,custom cardboard cartons,Packaging,Packaging,7364,8870,304161,38,Pune,Pune,21 days,10 days nationwide,1,"positive only if same category family, quantity sufficient, estimated cost within budget, and delivery days <= required days"
industrial packaging boxes,custom cardboard cartons,Packaging,Packaging,2763,4917,345706,101,Chennai,Chennai,21 days,14 days nationwide,1,"positive only if same category family, quantity sufficient, estimated cost within budget, and delivery days <= required days"
industrial packaging boxes,palletized freight handling,Packaging,Industrial Components,2764,2864,221120,50,Pune,Delhi,30 days,14 days,0,"positive only if same category family, quantity sufficient, estimated cost within budget, and delivery days <= required days"
industrial packaging boxes,inland cargo transport,Packaging,Electronics,4912,5012,392960,50,Pune,Delhi,30 days,14 days,0,"positive only if same category family, quantity sufficient, estimated cost within budget, and delivery days <= required days"
industrial packaging boxes,warehouse logistics service,Packaging,Logistics,2060,2160,164800,50,Pune,Delhi,30 days,14 days,0,"positive only if same category family, quantity sufficient, estimated cost within budget, and delivery days <= required days"
industrial packaging boxes,road freight capacity,Packaging,Electronics,2238,2338,179040,50,Pune,Delhi,30 days,14 days,0,"positive only if same category family, quantity sufficient, estimated cost within budget, and delivery days <= required days"
industrial packaging boxes,corrugated cartons,Packaging,Packaging,5000,1000,800000,120,Pune,Pune,30 days,14 days,0,"positive only if same category family, quantity sufficient, estimated cost within budget, and delivery days <= required days"
industrial packaging boxes,corrugated cartons,Packaging,Packaging,2000,9000,50000,80,Pune,Pune,10 days,30 days,0,"positive only if same category family, quantity sufficient, estimated cost within budget, and delivery days <= required days"
protective packing material,corrugated cartons,Packaging,Packaging,4703,9854,492015,78,Pune,Pune,45 days,21 days nationwide,1,"positive only if same category family, quantity sufficient, estimated cost within budget, and delivery days <= required days"
protective packing material,corrugated cartons,Packaging,Packaging,4930,6873,1046812,173,Pune,Pune,14 days,7 days nationwide,1,"positive only if same category family, quantity sufficient, estimated cost within budget, and delivery days <= required days"
protective packing material,industrial packaging boxes,Packaging,Packaging,511,866,53139,70,Mumbai,Mumbai,30 days,21 days nationwide,1,"positive only if same category family, quantity sufficient, estimated cost within budget, and delivery days <= required days"
protective packing material,industrial packaging boxes,Packaging,Packaging,3787,8308,714813,126,Chennai,Chennai,30 days,21 days nationwide,1,"positive only if same category family, quantity sufficient, estimated cost within budget, and delivery days <= required days"
protective packing material,protective packing material,Packaging,Packaging,4027,6831,236063,53,Pune Maharashtra,Pune Maharashtra,21 days,21 days nationwide,1,"positive only if same category family, quantity sufficient, estimated cost within budget, and delivery days <= required days"
protective packing material,protective packing material,Packaging,Packaging,7665,11864,544248,45,Pune,Pune,14 days,21 days nationwide,0,"positive only if same category family, quantity sufficient, estimated cost within budget, and delivery days <= required days"
protective packing material,custom cardboard cartons,Packaging,Packaging,884,994,73566,64,Chennai,Pune,21 days,14 days nationwide,1,"positive only if same category family, quantity sufficient, estimated cost within budget, and delivery days <= required days"
protective packing material,custom cardboard cartons,Packaging,Packaging,2844,3351,412837,134,Mumbai,Pune,21 days,21 days nationwide,1,"positive only if same category family, quantity sufficient, estimated cost within budget, and delivery days <= required days"
protective packing material,palletized freight handling,Packaging,Textiles,1859,1959,148720,50,Pune,Delhi,30 days,14 days,0,"positive only if same category family, quantity sufficient, estimated cost within budget, and delivery days <= required days"
protective packing material,inland cargo transport,Packaging,Electronics,2273,2373,181840,50,Pune,Delhi,30 days,14 days,0,"positive only if same category family, quantity sufficient, estimated cost within budget, and delivery days <= required days"
protective packing material,warehouse logistics service,Packaging,Steel & Metals,2374,2474,189920,50,Pune,Delhi,30 days,14 days,0,"positive only if same category family, quantity sufficient, estimated cost within budget, and delivery days <= required days"
protective packing material,road freight capacity,Packaging,Electronics,507,607,40560,50,Pune,Delhi,30 days,14 days,0,"positive only if same category family, quantity sufficient, estimated cost within budget, and delivery days <= required days"
protective packing material,corrugated cartons,Packaging,Packaging,5000,1000,800000,120,Pune,Pune,30 days,14 days,0,"positive only if same category family, quantity sufficient, estimated cost within budget, and delivery days <= required days"
protective packing material,corrugated cartons,Packaging,Packaging,2000,9000,50000,80,Pune,Pune,10 days,30 days,0,"positive only if same category family, quantity sufficient, estimated cost within budget, and delivery days <= required days"
custom cardboard cartons,corrugated cartons,Packaging,Packaging,1340,2736,87294,49,Pune Maharashtra,Pune Maharashtra,14 days,10 days nationwide,1,"positive only if same category family, quantity sufficient, estimated cost within budget, and delivery days <= required days"
custom cardboard cartons,corrugated cartons,Packaging,Packaging,3576,6964,524700,97,Pune,Pune,30 days,10 days nationwide,1,"positive only if same category family, quantity sufficient, estimated cost within budget, and delivery days <= required days"
custom cardboard cartons,industrial packaging boxes,Packaging,Packaging,2918,4674,600289,175,Pune Maharashtra,Pune Maharashtra,30 days,21 days nationwide,1,"positive only if same category family, quantity sufficient, estimated cost within budget, and delivery days <= required days"
custom cardboard cartons,industrial packaging boxes,Packaging,Packaging,4119,6507,166234,28,Mumbai,Pune,14 days,7 days nationwide,1,"positive only if same category family, quantity sufficient, estimated cost within budget, and delivery days <= required days"
custom cardboard cartons,protective packing material,Packaging,Packaging,855,1801,35507,36,Pune,Pune,14 days,14 days nationwide,1,"positive only if same category family, quantity sufficient, estimated cost within budget, and delivery days <= required days"
custom cardboard cartons,protective packing material,Packaging,Packaging,5796,7696,1034943,131,Mumbai,Pune,14 days,14 days nationwide,1,"positive only if same category family, quantity sufficient, estimated cost within budget, and delivery days <= required days"
custom cardboard cartons,custom cardboard cartons,Packaging,Packaging,6870,13955,900269,115,Chennai,Chennai,30 days,30 days nationwide,1,"positive only if same category family, quantity sufficient, estimated cost within budget, and delivery days <= required days"
custom cardboard cartons,custom cardboard cartons,Packaging,Packaging,2683,5652,226705,65,Chennai,Chennai,45 days,21 days nationwide,1,"positive only if same category family, quantity sufficient, estimated cost within budget, and delivery days <= required days"
custom cardboard cartons,palletized freight handling,Packaging,Raw Materials,3803,3903,304240,50,Pune,Delhi,30 days,14 days,0,"positive only if same category family, quantity sufficient, estimated cost within budget, and delivery days <= required days"
custom cardboard cartons,inland cargo transport,Packaging,Electronics,1168,1268,93440,50,Pune,Delhi,30 days,14 days,0,"positive only if same category family, quantity sufficient, estimated cost within budget, and delivery days <= required days"
custom cardboard cartons,warehouse logistics service,Packaging,Raw Materials,2966,3066,237280,50,Pune,Delhi,30 days,14 days,0,"positive only if same category family, quantity sufficient, estimated cost within budget, and delivery days <= required days"
custom cardboard cartons,road freight capacity,Packaging,Industrial Components,1008,1108,80640,50,Pune,Delhi,30 days,14 days,0,"positive only if same category family, quantity sufficient, estimated cost within budget, and delivery days <= required days"
custom cardboard cartons,corrugated cartons,Packaging,Packaging,5000,1000,800000,120,Pune,Pune,30 days,14 days,0,"positive only if same category family, quantity sufficient, estimated cost within budget, and delivery days <= required days"
custom cardboard cartons,corrugated cartons,Packaging,Packaging,2000,9000,50000,80,Pune,Pune,10 days,30 days,0,"positive only if same category family, quantity sufficient, estimated cost within budget, and delivery days <= required days"
cotton fabric rolls,cotton fabric rolls,Textiles,Textiles,2723,4155,193421,58,Chennai,Chennai,45 days,7 days nationwide,1,"positive only if same category family, quantity sufficient, estimated cost within budget, and delivery days <= required days"
cotton fabric rolls,cotton fabric rolls,Textiles,Textiles,723,774,152937,146,Mumbai,Mumbai,14 days,14 days nationwide,1,"positive only if same category family, quantity sufficient, estimated cost within budget, and delivery days <= required days"
cotton fabric rolls,industrial textile material,Textiles,Textiles,6694,13880,709555,77,Chennai,Chennai,14 days,7 days nationwide,1,"positive only if same category family, quantity sufficient, estimated cost within budget, and delivery days <= required days"
cotton fabric rolls,industrial textile material,Textiles,Textiles,1577,1969,407602,162,Pune,Pune,30 days,10 days nationwide,1,"positive only if same category family, quantity sufficient, estimated cost within budget, and delivery days <= required days"
cotton fabric rolls,woven cotton cloth,Textiles,Textiles,4650,8008,1031000,198,Pune,Pune,30 days,30 days nationwide,1,"positive only if same category family, quantity sufficient, estimated cost within budget, and delivery days <= required days"
cotton fabric rolls,woven cotton cloth,Textiles,Textiles,7102,12535,398030,52,Mumbai,Pune,21 days,14 days nationwide,1,"positive only if same category family, quantity sufficient, estimated cost within budget, and delivery days <= required days"
cotton fabric rolls,polyester fabric,Textiles,Textiles,3076,6187,453212,139,Pune,Pune,14 days,14 days nationwide,1,"positive only if same category family, quantity sufficient, estimated cost within budget, and delivery days <= required days"
cotton fabric rolls,polyester fabric,Textiles,Textiles,2234,2997,396384,131,Pune Maharashtra,Pune Maharashtra,30 days,14 days nationwide,1,"positive only if same category family, quantity sufficient, estimated cost within budget, and delivery days <= required days"
cotton fabric rolls,hydraulic fittings,Textiles,Raw Materials,3765,3865,301200,50,Pune,Delhi,30 days,14 days,0,"positive only if same category family, quantity sufficient, estimated cost within budget, and delivery days <= required days"
cotton fabric rolls,mechanical couplings,Textiles,Electronics,3051,3151,244080,50,Pune,Delhi,30 days,14 days,0,"positive only if same category family, quantity sufficient, estimated cost within budget, and delivery days <= required days"
cotton fabric rolls,industrial machine parts,Textiles,Raw Materials,3912,4012,312960,50,Pune,Delhi,30 days,14 days,0,"positive only if same category family, quantity sufficient, estimated cost within budget, and delivery days <= required days"
cotton fabric rolls,precision machined components,Textiles,Steel & Metals,4925,5025,394000,50,Pune,Delhi,30 days,14 days,0,"positive only if same category family, quantity sufficient, estimated cost within budget, and delivery days <= required days"
cotton fabric rolls,cotton fabric rolls,Textiles,Textiles,5000,1000,800000,120,Pune,Pune,30 days,14 days,0,"positive only if same category family, quantity sufficient, estimated cost within budget, and delivery days <= required days"
cotton fabric rolls,cotton fabric rolls,Textiles,Textiles,2000,9000,50000,80,Pune,Pune,10 days,30 days,0,"positive only if same category family, quantity sufficient, estimated cost within budget, and delivery days <= required days"
industrial textile material,cotton fabric rolls,Textiles,Textiles,3644,5982,1024682,189,Mumbai,Mumbai,14 days,10 days nationwide,1,"positive only if same category family, quantity sufficient, estimated cost within budget, and delivery days <= required days"
industrial textile material,cotton fabric rolls,Textiles,Textiles,7546,15643,344257,36,Pune Maharashtra,Pune Maharashtra,14 days,21 days nationwide,0,"positive only if same category family, quantity sufficient, estimated cost within budget, and delivery days <= required days"
industrial textile material,industrial textile material,Textiles,Textiles,1620,2033,350222,142,Chennai,Pune,14 days,14 days nationwide,1,"positive only if same category family, quantity sufficient, estimated cost within budget, and delivery days <= required days"
industrial textile material,industrial textile material,Textiles,Textiles,3069,5811,489329,104,Pune Maharashtra,Pune Maharashtra,30 days,10 days nationwide,1,"positive only if same category family, quantity sufficient, estimated cost within budget, and delivery days <= required days"
industrial textile material,woven cotton cloth,Textiles,Textiles,4377,8276,692274,116,Pune,Pune,45 days,14 days nationwide,1,"positive only if same category family, quantity sufficient, estimated cost within budget, and delivery days <= required days"
industrial textile material,woven cotton cloth,Textiles,Textiles,5746,11307,1111056,175,Pune Maharashtra,Pune,14 days,10 days nationwide,1,"positive only if same category family, quantity sufficient, estimated cost within budget, and delivery days <= required days"
industrial textile material,polyester fabric,Textiles,Textiles,6077,13224,1730653,197,Chennai,Chennai,21 days,21 days nationwide,1,"positive only if same category family, quantity sufficient, estimated cost within budget, and delivery days <= required days"
industrial textile material,polyester fabric,Textiles,Textiles,5199,9098,548260,77,Pune,Pune,21 days,14 days nationwide,1,"positive only if same category family, quantity sufficient, estimated cost within budget, and delivery days <= required days"
industrial textile material,hydraulic fittings,Textiles,Packaging,2769,2869,221520,50,Pune,Delhi,30 days,14 days,0,"positive only if same category family, quantity sufficient, estimated cost within budget, and delivery days <= required days"
industrial textile material,mechanical couplings,Textiles,Electronics,804,904,64320,50,Pune,Delhi,30 days,14 days,0,"positive only if same category family, quantity sufficient, estimated cost within budget, and delivery days <= required days"
industrial textile material,industrial machine parts,Textiles,Packaging,2021,2121,161680,50,Pune,Delhi,30 days,14 days,0,"positive only if same category family, quantity sufficient, estimated cost within budget, and delivery days <= required days"
industrial textile material,precision machined components,Textiles,Packaging,2132,2232,170560,50,Pune,Delhi,30 days,14 days,0,"positive only if same category family, quantity sufficient, estimated cost within budget, and delivery days <= required days"
industrial textile material,cotton fabric rolls,Textiles,Textiles,5000,1000,800000,120,Pune,Pune,30 days,14 days,0,"positive only if same category family, quantity sufficient, estimated cost within budget, and delivery days <= required days"
industrial textile material,cotton fabric rolls,Textiles,Textiles,2000,9000,50000,80,Pune,Pune,10 days,30 days,0,"positive only if same category family, quantity sufficient, estimated cost within budget, and delivery days <= required days"
woven cotton cloth,cotton fabric rolls,Textiles,Textiles,6266,7752,384355,43,Pune,Pune,14 days,10 days nationwide,1,"positive only if same category family, quantity sufficient, estimated cost within budget, and delivery days <= required days"
woven cotton cloth,cotton fabric rolls,Textiles,Textiles,7661,8915,1234415,105,Pune Maharashtra,Pune,45 days,10 days nationwide,1,"positive only if same category family, quantity sufficient, estimated cost within budget, and delivery days <= required days"
woven cotton cloth,industrial textile material,Textiles,Textiles,7817,12900,541752,53,Pune,Pune,21 days,10 days nationwide,1,"positive only if same category family, quantity sufficient, estimated cost within budget, and delivery days <= required days"
woven cotton cloth,industrial textile material,Textiles,Textiles,838,1804,70929,64,Pune,Pune,30 days,30 days nationwide,1,"positive only if same category family, quantity sufficient, estimated cost within budget, and delivery days <= required days"
woven cotton cloth,woven cotton cloth,Textiles,Textiles,1515,2923,169452,73,Pune,Pune,45 days,45 days nationwide,1,"positive only if same category family, quantity sufficient, estimated cost within budget, and delivery days <= required days"
woven cotton cloth,woven cotton cloth,Textiles,Textiles,7884,16918,1109462,125,Pune Maharashtra,Pune Maharashtra,14 days,14 days nationwide,1,"positive only if same category family, quantity sufficient, estimated cost within budget, and delivery days <= required days"
woven cotton cloth,polyester fabric,Textiles,Textiles,3688,7459,189566,37,Mumbai,Pune,21 days,14 days nationwide,1,"positive only if same category family, quantity sufficient, estimated cost within budget, and delivery days <= required days"
woven cotton cloth,polyester fabric,Textiles,Textiles,1739,2146,93004,39,Mumbai,Pune,45 days,14 days nationwide,1,"positive only if same category family, quantity sufficient, estimated cost within budget, and delivery days <= required days"
woven cotton cloth,palletized freight handling,Textiles,Logistics,2170,2270,173600,50,Pune,Delhi,30 days,14 days,0,"positive only if same category family, quantity sufficient, estimated cost within budget, and delivery days <= required days"
woven cotton cloth,inland cargo transport,Textiles,Steel & Metals,2321,2421,185680,50,Pune,Delhi,30 days,14 days,0,"positive only if same category family, quantity sufficient, estimated cost within budget, and delivery days <= required days"
woven cotton cloth,warehouse logistics service,Textiles,Steel & Metals,3920,4020,313600,50,Pune,Delhi,30 days,14 days,0,"positive only if same category family, quantity sufficient, estimated cost within budget, and delivery days <= required days"
woven cotton cloth,road freight capacity,Textiles,Steel & Metals,3975,4075,318000,50,Pune,Delhi,30 days,14 days,0,"positive only if same category family, quantity sufficient, estimated cost within budget, and delivery days <= required days"
woven cotton cloth,cotton fabric rolls,Textiles,Textiles,5000,1000,800000,120,Pune,Pune,30 days,14 days,0,"positive only if same category family, quantity sufficient, estimated cost within budget, and delivery days <= required days"
woven cotton cloth,cotton fabric rolls,Textiles,Textiles,2000,9000,50000,80,Pune,Pune,10 days,30 days,0,"positive only if same category family, quantity sufficient, estimated cost within budget, and delivery days <= required days"
polyester fabric,cotton fabric rolls,Textiles,Textiles,2051,4374,294291,93,Pune,Pune,14 days,21 days nationwide,0,"positive only if same category family, quantity sufficient, estimated cost within budget, and delivery days <= required days"
polyester fabric,cotton fabric rolls,Textiles,Textiles,1833,2303,402753,172,Pune,Pune,14 days,14 days nationwide,1,"positive only if same category family, quantity sufficient, estimated cost within budget, and delivery days <= required days"
polyester fabric,industrial textile material,Textiles,Textiles,2339,4745,355773,123,Mumbai,Pune,45 days,14 days nationwide,1,"positive only if same category family, quantity sufficient, estimated cost within budget, and delivery days <= required days"
polyester fabric,industrial textile material,Textiles,Textiles,2998,3703,300665,64,Pune,Pune,14 days,14 days nationwide,1,"positive only if same category family, quantity sufficient, estimated cost within budget, and delivery days <= required days"
polyester fabric,woven cotton cloth,Textiles,Textiles,6330,10217,859970,101,Pune Maharashtra,Pune,30 days,30 days nationwide,1,"positive only if same category family, quantity sufficient, estimated cost within budget, and delivery days <= required days"
polyester fabric,woven cotton cloth,Textiles,Textiles,3197,6857,176586,42,Pune,Pune,45 days,45 days nationwide,1,"positive only if same category family, quantity sufficient, estimated cost within budget, and delivery days <= required days"
polyester fabric,polyester fabric,Textiles,Textiles,1726,2224,90200,49,Pune,Pune,21 days,10 days nationwide,1,"positive only if same category family, quantity sufficient, estimated cost within budget, and delivery days <= required days"
polyester fabric,polyester fabric,Textiles,Textiles,512,895,51478,77,Mumbai,Pune,45 days,14 days nationwide,1,"positive only if same category family, quantity sufficient, estimated cost within budget, and delivery days <= required days"
polyester fabric,hydraulic fittings,Textiles,Logistics,4278,4378,342240,50,Pune,Delhi,30 days,14 days,0,"positive only if same category family, quantity sufficient, estimated cost within budget, and delivery days <= required days"
polyester fabric,mechanical couplings,Textiles,Raw Materials,1141,1241,91280,50,Pune,Delhi,30 days,14 days,0,"positive only if same category family, quantity sufficient, estimated cost within budget, and delivery days <= required days"
polyester fabric,industrial machine parts,Textiles,Raw Materials,4176,4276,334080,50,Pune,Delhi,30 days,14 days,0,"positive only if same category family, quantity sufficient, estimated cost within budget, and delivery days <= required days"
polyester fabric,precision machined components,Textiles,Packaging,2168,2268,173440,50,Pune,Delhi,30 days,14 days,0,"positive only if same category family, quantity sufficient, estimated cost within budget, and delivery days <= required days"
polyester fabric,cotton fabric rolls,Textiles,Textiles,5000,1000,800000,120,Pune,Pune,30 days,14 days,0,"positive only if same category family, quantity sufficient, estimated cost within budget, and delivery days <= required days"
polyester fabric,cotton fabric rolls,Textiles,Textiles,2000,9000,50000,80,Pune,Pune,10 days,30 days,0,"positive only if same category family, quantity sufficient, estimated cost within budget, and delivery days <= required days"
hydraulic fittings,hydraulic fittings,Industrial Components,Industrial Components,6794,14326,395239,47,Chennai,Chennai,30 days,7 days nationwide,1,"positive only if same category family, quantity sufficient, estimated cost within budget, and delivery days <= required days"
hydraulic fittings,hydraulic fittings,Industrial Components,Industrial Components,3068,5418,132256,29,Pune,Pune,45 days,45 days nationwide,1,"positive only if same category family, quantity sufficient, estimated cost within budget, and delivery days <= required days"
hydraulic fittings,mechanical couplings,Industrial Components,Industrial Components,4482,7999,461755,98,Pune Maharashtra,Pune,30 days,30 days nationwide,1,"positive only if same category family, quantity sufficient, estimated cost within budget, and delivery days <= required days"
hydraulic fittings,mechanical couplings,Industrial Components,Industrial Components,2606,4109,481604,163,Mumbai,Mumbai,14 days,21 days nationwide,0,"positive only if same category family, quantity sufficient, estimated cost within budget, and delivery days <= required days"
hydraulic fittings,industrial machine parts,Industrial Components,Industrial Components,1648,2335,441892,185,Pune Maharashtra,Pune Maharashtra,30 days,14 days nationwide,1,"positive only if same category family, quantity sufficient, estimated cost within budget, and delivery days <= required days"
hydraulic fittings,industrial machine parts,Industrial Components,Industrial Components,5449,8684,877310,130,Pune,Pune,45 days,14 days nationwide,1,"positive only if same category family, quantity sufficient, estimated cost within budget, and delivery days <= required days"
hydraulic fittings,precision machined components,Industrial Components,Industrial Components,7896,8656,1761875,172,Mumbai,Mumbai,21 days,21 days nationwide,1,"positive only if same category family, quantity sufficient, estimated cost within budget, and delivery days <= required days"
hydraulic fittings,precision machined components,Industrial Components,Industrial Components,6122,10169,1154220,155,Chennai,Chennai,30 days,10 days nationwide,1,"positive only if same category family, quantity sufficient, estimated cost within budget, and delivery days <= required days"
hydraulic fittings,polymer resin pellets,Industrial Components,Packaging,3823,3923,305840,50,Pune,Delhi,30 days,14 days,0,"positive only if same category family, quantity sufficient, estimated cost within budget, and delivery days <= required days"
hydraulic fittings,industrial raw polymer,Industrial Components,Logistics,2314,2414,185120,50,Pune,Delhi,30 days,14 days,0,"positive only if same category family, quantity sufficient, estimated cost within budget, and delivery days <= required days"
hydraulic fittings,plastic granules,Industrial Components,Steel & Metals,3028,3128,242240,50,Pune,Delhi,30 days,14 days,0,"positive only if same category family, quantity sufficient, estimated cost within budget, and delivery days <= required days"
hydraulic fittings,commodity resin,Industrial Components,Textiles,3739,3839,299120,50,Pune,Delhi,30 days,14 days,0,"positive only if same category family, quantity sufficient, estimated cost within budget, and delivery days <= required days"
hydraulic fittings,hydraulic fittings,Industrial Components,Industrial Components,5000,1000,800000,120,Pune,Pune,30 days,14 days,0,"positive only if same category family, quantity sufficient, estimated cost within budget, and delivery days <= required days"
hydraulic fittings,hydraulic fittings,Industrial Components,Industrial Components,2000,9000,50000,80,Pune,Pune,10 days,30 days,0,"positive only if same category family, quantity sufficient, estimated cost within budget, and delivery days <= required days"
mechanical couplings,hydraulic fittings,Industrial Components,Industrial Components,4317,9036,479468,79,Pune Maharashtra,Pune Maharashtra,21 days,14 days nationwide,1,"positive only if same category family, quantity sufficient, estimated cost within budget, and delivery days <= required days"
mechanical couplings,hydraulic fittings,Industrial Components,Industrial Components,3982,4757,433816,99,Pune,Pune,21 days,21 days nationwide,1,"positive only if same category family, quantity sufficient, estimated cost within budget, and delivery days <= required days"
mechanical couplings,mechanical couplings,Industrial Components,Industrial Components,5416,5809,1123410,179,Chennai,Chennai,21 days,7 days nationwide,1,"positive only if same category family, quantity sufficient, estimated cost within budget, and delivery days <= required days"
mechanical couplings,mechanical couplings,Industrial Components,Industrial Components,6134,11151,440136,64,Chennai,Pune,45 days,10 days nationwide,1,"positive only if same category family, quantity sufficient, estimated cost within budget, and delivery days <= required days"
mechanical couplings,industrial machine parts,Industrial Components,Industrial Components,1539,2810,328877,184,Mumbai,Mumbai,45 days,45 days nationwide,1,"positive only if same category family, quantity sufficient, estimated cost within budget, and delivery days <= required days"
mechanical couplings,industrial machine parts,Industrial Components,Industrial Components,6268,10978,1425023,191,Pune,Pune,21 days,21 days nationwide,1,"positive only if same category family, quantity sufficient, estimated cost within budget, and delivery days <= required days"
mechanical couplings,precision machined components,Industrial Components,Industrial Components,2903,4382,305438,99,Pune Maharashtra,Pune Maharashtra,30 days,14 days nationwide,1,"positive only if same category family, quantity sufficient, estimated cost within budget, and delivery days <= required days"
mechanical couplings,precision machined components,Industrial Components,Industrial Components,7718,12044,1557915,129,Pune Maharashtra,Pune Maharashtra,45 days,45 days nationwide,1,"positive only if same category family, quantity sufficient, estimated cost within budget, and delivery days <= required days"
mechanical couplings,printed circuit boards,Industrial Components,Packaging,3670,3770,293600,50,Pune,Delhi,30 days,14 days,0,"positive only if same category family, quantity sufficient, estimated cost within budget, and delivery days <= required days"
mechanical couplings,electronic control modules,Industrial Components,Textiles,2492,2592,199360,50,Pune,Delhi,30 days,14 days,0,"positive only if same category family, quantity sufficient, estimated cost within budget, and delivery days <= required days"
mechanical couplings,pcb assemblies,Industrial Components,Packaging,4158,4258,332640,50,Pune,Delhi,30 days,14 days,0,"positive only if same category family, quantity sufficient, estimated cost within budget, and delivery days <= required days"
mechanical couplings,industrial sensors,Industrial Components,Electronics,4141,4241,331280,50,Pune,Delhi,30 days,14 days,0,"positive only if same category family, quantity sufficient, estimated cost within budget, and delivery days <= required days"
mechanical couplings,power supply units,Industrial Components,Logistics,2312,2412,184960,50,Pune,Delhi,30 days,14 days,0,"positive only if same category family, quantity sufficient, estimated cost within budget, and delivery days <= required days"
mechanical couplings,hydraulic fittings,Industrial Components,Industrial Components,5000,1000,800000,120,Pune,Pune,30 days,14 days,0,"positive only if same category family, quantity sufficient, estimated cost within budget, and delivery days <= required days"
mechanical couplings,hydraulic fittings,Industrial Components,Industrial Components,2000,9000,50000,80,Pune,Pune,10 days,30 days,0,"positive only if same category family, quantity sufficient, estimated cost within budget, and delivery days <= required days"
industrial machine parts,hydraulic fittings,Industrial Components,Industrial Components,7658,15467,2261945,186,Chennai,Chennai,14 days,21 days nationwide,0,"positive only if same category family, quantity sufficient, estimated cost within budget, and delivery days <= required days"
industrial machine parts,hydraulic fittings,Industrial Components,Industrial Components,6235,9992,972912,132,Mumbai,Pune,21 days,21 days nationwide,1,"positive only if same category family, quantity sufficient, estimated cost within budget, and delivery days <= required days"
industrial machine parts,mechanical couplings,Industrial Components,Industrial Components,2790,4809,234868,66,Mumbai,Mumbai,21 days,10 days nationwide,1,"positive only if same category family, quantity sufficient, estimated cost within budget, and delivery days <= required days"
industrial machine parts,mechanical couplings,Industrial Components,Industrial Components,6620,8227,694862,85,Chennai,Chennai,14 days,14 days nationwide,1,"positive only if same category family, quantity sufficient, estimated cost within budget, and delivery days <= required days"
industrial machine parts,industrial machine parts,Industrial Components,Industrial Components,2258,4381,110642,44,Pune Maharashtra,Pune,14 days,10 days nationwide,1,"positive only if same category family, quantity sufficient, estimated cost within budget, and delivery days <= required days"
industrial machine parts,industrial machine parts,Industrial Components,Industrial Components,7989,9802,266669,24,Chennai,Chennai,21 days,21 days nationwide,1,"positive only if same category family, quantity sufficient, estimated cost within budget, and delivery days <= required days"
industrial machine parts,precision machined components,Industrial Components,Industrial Components,5244,6338,249179,32,Pune Maharashtra,Pune Maharashtra,14 days,10 days nationwide,1,"positive only if same category family, quantity sufficient, estimated cost within budget, and delivery days <= required days"
industrial machine parts,precision machined components,Industrial Components,Industrial Components,7136,8410,1203189,147,Pune Maharashtra,Pune Maharashtra,45 days,7 days nationwide,1,"positive only if same category family, quantity sufficient, estimated cost within budget, and delivery days <= required days"
industrial machine parts,printed circuit boards,Industrial Components,Electronics,2753,2853,220240,50,Pune,Delhi,30 days,14 days,0,"positive only if same category family, quantity sufficient, estimated cost within budget, and delivery days <= required days"
industrial machine parts,electronic control modules,Industrial Components,Raw Materials,3587,3687,286960,50,Pune,Delhi,30 days,14 days,0,"positive only if same category family, quantity sufficient, estimated cost within budget, and delivery days <= required days"
industrial machine parts,pcb assemblies,Industrial Components,Steel & Metals,3437,3537,274960,50,Pune,Delhi,30 days,14 days,0,"positive only if same category family, quantity sufficient, estimated cost within budget, and delivery days <= required days"
industrial machine parts,industrial sensors,Industrial Components,Steel & Metals,4964,5064,397120,50,Pune,Delhi,30 days,14 days,0,"positive only if same category family, quantity sufficient, estimated cost within budget, and delivery days <= required days"
industrial machine parts,power supply units,Industrial Components,Steel & Metals,4997,5097,399760,50,Pune,Delhi,30 days,14 days,0,"positive only if same category family, quantity sufficient, estimated cost within budget, and delivery days <= required days"
industrial machine parts,hydraulic fittings,Industrial Components,Industrial Components,5000,1000,800000,120,Pune,Pune,30 days,14 days,0,"positive only if same category family, quantity sufficient, estimated cost within budget, and delivery days <= required days"
industrial machine parts,hydraulic fittings,Industrial Components,Industrial Components,2000,9000,50000,80,Pune,Pune,10 days,30 days,0,"positive only if same category family, quantity sufficient, estimated cost within budget, and delivery days <= required days"
precision machined components,hydraulic fittings,Industrial Components,Industrial Components,4373,5070,992516,143,Pune Maharashtra,Pune Maharashtra,30 days,10 days nationwide,1,"positive only if same category family, quantity sufficient, estimated cost within budget, and delivery days <= required days"
precision machined components,hydraulic fittings,Industrial Components,Industrial Components,1833,2033,249829,96,Pune Maharashtra,Pune Maharashtra,45 days,10 days nationwide,1,"positive only if same category family, quantity sufficient, estimated cost within budget, and delivery days <= required days"
precision machined components,mechanical couplings,Industrial Components,Industrial Components,6405,12774,1477299,188,Mumbai,Mumbai,21 days,10 days nationwide,1,"positive only if same category family, quantity sufficient, estimated cost within budget, and delivery days <= required days"
precision machined components,mechanical couplings,Industrial Components,Industrial Components,1755,3645,214019,108,Chennai,Pune,30 days,30 days nationwide,1,"positive only if same category family, quantity sufficient, estimated cost within budget, and delivery days <= required days"
precision machined components,industrial machine parts,Industrial Components,Industrial Components,1220,2029,92150,70,Pune,Pune,14 days,10 days nationwide,1,"positive only if same category family, quantity sufficient, estimated cost within budget, and delivery days <= required days"
precision machined components,industrial machine parts,Industrial Components,Industrial Components,6880,7499,1541050,159,Pune Maharashtra,Pune,30 days,30 days nationwide,1,"positive only if same category family, quantity sufficient, estimated cost within budget, and delivery days <= required days"
precision machined components,precision machined components,Industrial Components,Industrial Components,1760,3590,161139,68,Chennai,Pune,45 days,14 days nationwide,1,"positive only if same category family, quantity sufficient, estimated cost within budget, and delivery days <= required days"
precision machined components,precision machined components,Industrial Components,Industrial Components,3675,6976,398500,91,Pune,Pune,21 days,21 days nationwide,1,"positive only if same category family, quantity sufficient, estimated cost within budget, and delivery days <= required days"
precision machined components,cotton fabric rolls,Industrial Components,Packaging,3714,3814,297120,50,Pune,Delhi,30 days,14 days,0,"positive only if same category family, quantity sufficient, estimated cost within budget, and delivery days <= required days"
precision machined components,industrial textile material,Industrial Components,Packaging,1891,1991,151280,50,Pune,Delhi,30 days,14 days,0,"positive only if same category family, quantity sufficient, estimated cost within budget, and delivery days <= required days"
precision machined components,woven cotton cloth,Industrial Components,Electronics,2352,2452,188160,50,Pune,Delhi,30 days,14 days,0,"positive only if same category family, quantity sufficient, estimated cost within budget, and delivery days <= required days"
precision machined components,polyester fabric,Industrial Components,Electronics,3314,3414,265120,50,Pune,Delhi,30 days,14 days,0,"positive only if same category family, quantity sufficient, estimated cost within budget, and delivery days <= required days"
precision machined components,hydraulic fittings,Industrial Components,Industrial Components,5000,1000,800000,120,Pune,Pune,30 days,14 days,0,"positive only if same category family, quantity sufficient, estimated cost within budget, and delivery days <= required days"
precision machined components,hydraulic fittings,Industrial Components,Industrial Components,2000,9000,50000,80,Pune,Pune,10 days,30 days,0,"positive only if same category family, quantity sufficient, estimated cost within budget, and delivery days <= required days"
polymer resin pellets,polymer resin pellets,Raw Materials,Raw Materials,5365,6366,912479,155,Pune,Pune,21 days,7 days nationwide,1,"positive only if same category family, quantity sufficient, estimated cost within budget, and delivery days <= required days"
polymer resin pellets,polymer resin pellets,Raw Materials,Raw Materials,1815,2737,296194,145,Mumbai,Mumbai,45 days,45 days nationwide,1,"positive only if same category family, quantity sufficient, estimated cost within budget, and delivery days <= required days"
polymer resin pellets,industrial raw polymer,Raw Materials,Raw Materials,7384,15184,1054376,90,Pune Maharashtra,Pune,45 days,45 days nationwide,1,"positive only if same category family, quantity sufficient, estimated cost within budget, and delivery days <= required days"
polymer resin pellets,industrial raw polymer,Raw Materials,Raw Materials,1942,3504,536533,190,Mumbai,Mumbai,21 days,7 days nationwide,1,"positive only if same category family, quantity sufficient, estimated cost within budget, and delivery days <= required days"
polymer resin pellets,plastic granules,Raw Materials,Raw Materials,3379,6308,607951,169,Chennai,Chennai,30 days,7 days nationwide,1,"positive only if same category family, quantity sufficient, estimated cost within budget, and delivery days <= required days"
polymer resin pellets,plastic granules,Raw Materials,Raw Materials,5011,6760,521877,71,Chennai,Chennai,21 days,7 days nationwide,1,"positive only if same category family, quantity sufficient, estimated cost within budget, and delivery days <= required days"
polymer resin pellets,commodity resin,Raw Materials,Raw Materials,1683,2291,200273,89,Pune Maharashtra,Pune Maharashtra,14 days,10 days nationwide,1,"positive only if same category family, quantity sufficient, estimated cost within budget, and delivery days <= required days"
polymer resin pellets,commodity resin,Raw Materials,Raw Materials,4730,5325,469092,85,Chennai,Chennai,14 days,14 days nationwide,1,"positive only if same category family, quantity sufficient, estimated cost within budget, and delivery days <= required days"
polymer resin pellets,hydraulic fittings,Raw Materials,Logistics,1273,1373,101840,50,Pune,Delhi,30 days,14 days,0,"positive only if same category family, quantity sufficient, estimated cost within budget, and delivery days <= required days"
polymer resin pellets,mechanical couplings,Raw Materials,Steel & Metals,4506,4606,360480,50,Pune,Delhi,30 days,14 days,0,"positive only if same category family, quantity sufficient, estimated cost within budget, and delivery days <= required days"
polymer resin pellets,industrial machine parts,Raw Materials,Industrial Components,2614,2714,209120,50,Pune,Delhi,30 days,14 days,0,"positive only if same category family, quantity sufficient, estimated cost within budget, and delivery days <= required days"
polymer resin pellets,precision machined components,Raw Materials,Logistics,2642,2742,211360,50,Pune,Delhi,30 days,14 days,0,"positive only if same category family, quantity sufficient, estimated cost within budget, and delivery days <= required days"
polymer resin pellets,polymer resin pellets,Raw Materials,Raw Materials,5000,1000,800000,120,Pune,Pune,30 days,14 days,0,"positive only if same category family, quantity sufficient, estimated cost within budget, and delivery days <= required days"
polymer resin pellets,polymer resin pellets,Raw Materials,Raw Materials,2000,9000,50000,80,Pune,Pune,10 days,30 days,0,"positive only if same category family, quantity sufficient, estimated cost within budget, and delivery days <= required days"
industrial raw polymer,polymer resin pellets,Raw Materials,Raw Materials,7516,8405,835374,81,Pune,Pune,14 days,14 days nationwide,1,"positive only if same category family, quantity sufficient, estimated cost within budget, and delivery days <= required days"
industrial raw polymer,polymer resin pellets,Raw Materials,Raw Materials,702,817,47386,58,Mumbai,Pune,14 days,14 days nationwide,1,"positive only if same category family, quantity sufficient, estimated cost within budget, and delivery days <= required days"
industrial raw polymer,industrial raw polymer,Raw Materials,Raw Materials,1821,3713,118215,52,Pune,Pune,21 days,10 days nationwide,1,"positive only if same category family, quantity sufficient, estimated cost within budget, and delivery days <= required days"
industrial raw polymer,industrial raw polymer,Raw Materials,Raw Materials,3066,5371,238898,67,Pune,Pune,45 days,45 days nationwide,1,"positive only if same category family, quantity sufficient, estimated cost within budget, and delivery days <= required days"
industrial raw polymer,plastic granules,Raw Materials,Raw Materials,7472,8768,301361,29,Pune,Pune,14 days,14 days nationwide,1,"positive only if same category family, quantity sufficient, estimated cost within budget, and delivery days <= required days"
industrial raw polymer,plastic granules,Raw Materials,Raw Materials,7719,15382,1602438,155,Pune Maharashtra,Pune Maharashtra,14 days,14 days nationwide,1,"positive only if same category family, quantity sufficient, estimated cost within budget, and delivery days <= required days"
industrial raw polymer,commodity resin,Raw Materials,Raw Materials,831,1182,118165,104,Chennai,Pune,45 days,45 days nationwide,1,"positive only if same category family, quantity sufficient, estimated cost within budget, and delivery days <= required days"
industrial raw polymer,commodity resin,Raw Materials,Raw Materials,6510,10568,1686206,196,Chennai,Chennai,21 days,21 days nationwide,1,"positive only if same category family, quantity sufficient, estimated cost within budget, and delivery days <= required days"
industrial raw polymer,corrugated cartons,Raw Materials,Textiles,4076,4176,326080,50,Pune,Delhi,30 days,14 days,0,"positive only if same category family, quantity sufficient, estimated cost within budget, and delivery days <= required days"
industrial raw polymer,industrial packaging boxes,Raw Materials,Steel & Metals,2615,2715,209200,50,Pune,Delhi,30 days,14 days,0,"positive only if same category family, quantity sufficient, estimated cost within budget, and delivery days <= required days"
industrial raw polymer,protective packing material,Raw Materials,Electronics,3445,3545,275600,50,Pune,Delhi,30 days,14 days,0,"positive only if same category family, quantity sufficient, estimated cost within budget, and delivery days <= required days"
industrial raw polymer,custom cardboard cartons,Raw Materials,Electronics,1475,1575,118000,50,Pune,Delhi,30 days,14 days,0,"positive only if same category family, quantity sufficient, estimated cost within budget, and delivery days <= required days"
industrial raw polymer,polymer resin pellets,Raw Materials,Raw Materials,5000,1000,800000,120,Pune,Pune,30 days,14 days,0,"positive only if same category family, quantity sufficient, estimated cost within budget, and delivery days <= required days"
industrial raw polymer,polymer resin pellets,Raw Materials,Raw Materials,2000,9000,50000,80,Pune,Pune,10 days,30 days,0,"positive only if same category family, quantity sufficient, estimated cost within budget, and delivery days <= required days"
plastic granules,polymer resin pellets,Raw Materials,Raw Materials,7864,16090,410634,38,Mumbai,Mumbai,30 days,10 days nationwide,1,"positive only if same category family, quantity sufficient, estimated cost within budget, and delivery days <= required days"
plastic granules,polymer resin pellets,Raw Materials,Raw Materials,3565,6339,490353,88,Pune Maharashtra,Pune Maharashtra,45 days,21 days nationwide,1,"positive only if same category family, quantity sufficient, estimated cost within budget, and delivery days <= required days"
plastic granules,industrial raw polymer,Raw Materials,Raw Materials,2531,4310,333342,101,Pune Maharashtra,Pune Maharashtra,21 days,21 days nationwide,1,"positive only if same category family, quantity sufficient, estimated cost within budget, and delivery days <= required days"
plastic granules,industrial raw polymer,Raw Materials,Raw Materials,4657,6741,164232,32,Pune,Pune,21 days,10 days nationwide,1,"positive only if same category family, quantity sufficient, estimated cost within budget, and delivery days <= required days"
plastic granules,plastic granules,Raw Materials,Raw Materials,7763,10066,949820,90,Mumbai,Mumbai,45 days,21 days nationwide,1,"positive only if same category family, quantity sufficient, estimated cost within budget, and delivery days <= required days"
plastic granules,plastic granules,Raw Materials,Raw Materials,2430,5143,179168,52,Pune,Pune,30 days,30 days nationwide,1,"positive only if same category family, quantity sufficient, estimated cost within budget, and delivery days <= required days"
plastic granules,commodity resin,Raw Materials,Raw Materials,6853,14476,844011,90,Mumbai,Mumbai,45 days,7 days nationwide,1,"positive only if same category family, quantity sufficient, estimated cost within budget, and delivery days <= required days"
plastic granules,commodity resin,Raw Materials,Raw Materials,789,1338,39136,34,Chennai,Chennai,14 days,7 days nationwide,1,"positive only if same category family, quantity sufficient, estimated cost within budget, and delivery days <= required days"
plastic granules,printed circuit boards,Raw Materials,Packaging,2595,2695,207600,50,Pune,Delhi,30 days,14 days,0,"positive only if same category family, quantity sufficient, estimated cost within budget, and delivery days <= required days"
plastic granules,electronic control modules,Raw Materials,Textiles,524,624,41920,50,Pune,Delhi,30 days,14 days,0,"positive only if same category family, quantity sufficient, estimated cost within budget, and delivery days <= required days"
plastic granules,pcb assemblies,Raw Materials,Logistics,4039,4139,323120,50,Pune,Delhi,30 days,14 days,0,"positive only if same category family, quantity sufficient, estimated cost within budget, and delivery days <= required days"
plastic granules,industrial sensors,Raw Materials,Logistics,1988,2088,159040,50,Pune,Delhi,30 days,14 days,0,"positive only if same category family, quantity sufficient, estimated cost within budget, and delivery days <= required days"
plastic granules,power supply units,Raw Materials,Logistics,4454,4554,356320,50,Pune,Delhi,30 days,14 days,0,"positive only if same category family, quantity sufficient, estimated cost within budget, and delivery days <= required days"
plastic granules,polymer resin pellets,Raw Materials,Raw Materials,5000,1000,800000,120,Pune,Pune,30 days,14 days,0,"positive only if same category family, quantity sufficient, estimated cost within budget, and delivery days <= required days"
plastic granules,polymer resin pellets,Raw Materials,Raw Materials,2000,9000,50000,80,Pune,Pune,10 days,30 days,0,"positive only if same category family, quantity sufficient, estimated cost within budget, and delivery days <= required days"
commodity resin,polymer resin pellets,Raw Materials,Raw Materials,3297,5604,112591,30,Chennai,Chennai,21 days,14 days nationwide,1,"positive only if same category family, quantity sufficient, estimated cost within budget, and delivery days <= required days"
commodity resin,polymer resin pellets,Raw Materials,Raw Materials,2111,4560,386896,116,Chennai,Chennai,45 days,45 days nationwide,1,"positive only if same category family, quantity sufficient, estimated cost within budget, and delivery days <= required days"
commodity resin,industrial raw polymer,Raw Materials,Raw Materials,1907,3928,261441,124,Chennai,Chennai,21 days,10 days nationwide,1,"positive only if same category family, quantity sufficient, estimated cost within budget, and delivery days <= required days"
commodity resin,industrial raw polymer,Raw Materials,Raw Materials,2333,5084,390683,121,Chennai,Chennai,45 days,14 days nationwide,1,"positive only if same category family, quantity sufficient, estimated cost within budget, and delivery days <= required days"
commodity resin,plastic granules,Raw Materials,Raw Materials,3274,3883,880419,178,Pune Maharashtra,Pune Maharashtra,45 days,7 days nationwide,1,"positive only if same category family, quantity sufficient, estimated cost within budget, and delivery days <= required days"
commodity resin,plastic granules,Raw Materials,Raw Materials,5978,6441,1413895,177,Pune Maharashtra,Pune,30 days,14 days nationwide,1,"positive only if same category family, quantity sufficient, estimated cost within budget, and delivery days <= required days"
commodity resin,commodity resin,Raw Materials,Raw Materials,5675,10320,315596,40,Pune,Pune,21 days,7 days nationwide,1,"positive only if same category family, quantity sufficient, estimated cost within budget, and delivery days <= required days"
commodity resin,commodity resin,Raw Materials,Raw Materials,7707,9991,989998,114,Pune Maharashtra,Pune,30 days,7 days nationwide,1,"positive only if same category family, quantity sufficient, estimated cost within budget, and delivery days <= required days"
commodity resin,corrugated cartons,Raw Materials,Logistics,2804,2904,224320,50,Pune,Delhi,30 days,14 days,0,"positive only if same category family, quantity sufficient, estimated cost within budget, and delivery days <= required days"
commodity resin,industrial packaging boxes,Raw Materials,Packaging,1394,1494,111520,50,Pune,Delhi,30 days,14 days,0,"positive only if same category family, quantity sufficient, estimated cost within budget, and delivery days <= required days"
commodity resin,protective packing material,Raw Materials,Industrial Components,1510,1610,120800,50,Pune,Delhi,30 days,14 days,0,"positive only if same category family, quantity sufficient, estimated cost within budget, and delivery days <= required days"
commodity resin,custom cardboard cartons,Raw Materials,Logistics,2367,2467,189360,50,Pune,Delhi,30 days,14 days,0,"positive only if same category family, quantity sufficient, estimated cost within budget, and delivery days <= required days"
commodity resin,polymer resin pellets,Raw Materials,Raw Materials,5000,1000,800000,120,Pune,Pune,30 days,14 days,0,"positive only if same category family, quantity sufficient, estimated cost within budget, and delivery days <= required days"
commodity resin,polymer resin pellets,Raw Materials,Raw Materials,2000,9000,50000,80,Pune,Pune,10 days,30 days,0,"positive only if same category family, quantity sufficient, estimated cost within budget, and delivery days <= required days"
palletized freight handling,palletized freight handling,Logistics,Logistics,2338,4207,121565,34,Pune Maharashtra,Pune Maharashtra,45 days,21 days nationwide,1,"positive only if same category family, quantity sufficient, estimated cost within budget, and delivery days <= required days"
palletized freight handling,palletized freight handling,Logistics,Logistics,3717,4056,332303,56,Chennai,Pune,30 days,14 days nationwide,1,"positive only if same category family, quantity sufficient, estimated cost within budget, and delivery days <= required days"
palletized freight handling,inland cargo transport,Logistics,Logistics,2025,2828,460397,147,Pune Maharashtra,Pune Maharashtra,21 days,7 days nationwide,1,"positive only if same category family, quantity sufficient, estimated cost within budget, and delivery days <= required days"
palletized freight handling,inland cargo transport,Logistics,Logistics,7519,8910,794278,70,Pune,Pune,14 days,14 days nationwide,1,"positive only if same category family, quantity sufficient, estimated cost within budget, and delivery days <= required days"
palletized freight handling,warehouse logistics service,Logistics,Logistics,1019,1734,237834,184,Chennai,Chennai,45 days,14 days nationwide,1,"positive only if same category family, quantity sufficient, estimated cost within budget, and delivery days <= required days"
palletized freight handling,warehouse logistics service,Logistics,Logistics,973,1369,190305,162,Chennai,Pune,14 days,7 days nationwide,1,"positive only if same category family, quantity sufficient, estimated cost within budget, and delivery days <= required days"
palletized freight handling,road freight capacity,Logistics,Logistics,5554,10352,1472620,176,Mumbai,Mumbai,14 days,14 days nationwide,1,"positive only if same category family, quantity sufficient, estimated cost within budget, and delivery days <= required days"
palletized freight handling,road freight capacity,Logistics,Logistics,6816,8151,1711651,186,Mumbai,Mumbai,45 days,10 days nationwide,1,"positive only if same category family, quantity sufficient, estimated cost within budget, and delivery days <= required days"
palletized freight handling,printed circuit boards,Logistics,Packaging,4873,4973,389840,50,Pune,Delhi,30 days,14 days,0,"positive only if same category family, quantity sufficient, estimated cost within budget, and delivery days <= required days"
palletized freight handling,electronic control modules,Logistics,Industrial Components,3671,3771,293680,50,Pune,Delhi,30 days,14 days,0,"positive only if same category family, quantity sufficient, estimated cost within budget, and delivery days <= required days"
palletized freight handling,pcb assemblies,Logistics,Packaging,2673,2773,213840,50,Pune,Delhi,30 days,14 days,0,"positive only if same category family, quantity sufficient, estimated cost within budget, and delivery days <= required days"
palletized freight handling,industrial sensors,Logistics,Raw Materials,2553,2653,204240,50,Pune,Delhi,30 days,14 days,0,"positive only if same category family, quantity sufficient, estimated cost within budget, and delivery days <= required days"
palletized freight handling,power supply units,Logistics,Electronics,2238,2338,179040,50,Pune,Delhi,30 days,14 days,0,"positive only if same category family, quantity sufficient, estimated cost within budget, and delivery days <= required days"
palletized freight handling,palletized freight handling,Logistics,Logistics,5000,1000,800000,120,Pune,Pune,30 days,14 days,0,"positive only if same category family, quantity sufficient, estimated cost within budget, and delivery days <= required days"
palletized freight handling,palletized freight handling,Logistics,Logistics,2000,9000,50000,80,Pune,Pune,10 days,30 days,0,"positive only if same category family, quantity sufficient, estimated cost within budget, and delivery days <= required days"
inland cargo transport,palletized freight handling,Logistics,Logistics,3211,4817,140332,40,Chennai,Chennai,14 days,14 days nationwide,1,"positive only if same category family, quantity sufficient, estimated cost within budget, and delivery days <= required days"
inland cargo transport,palletized freight handling,Logistics,Logistics,1952,3423,390337,187,Chennai,Chennai,21 days,7 days nationwide,1,"positive only if same category family, quantity sufficient, estimated cost within budget, and delivery days <= required days"
inland cargo transport,inland cargo transport,Logistics,Logistics,2043,2658,284540,89,Chennai,Pune,30 days,30 days nationwide,1,"positive only if same category family, quantity sufficient, estimated cost within budget, and delivery days <= required days"
inland cargo transport,inland cargo transport,Logistics,Logistics,4722,5792,143431,28,Pune,Pune,14 days,7 days nationwide,1,"positive only if same category family, quantity sufficient, estimated cost within budget, and delivery days <= required days"
inland cargo transport,warehouse logistics service,Logistics,Logistics,4764,7945,763296,138,Chennai,Chennai,30 days,14 days nationwide,1,"positive only if same category family, quantity sufficient, estimated cost within budget, and delivery days <= required days"
inland cargo transport,warehouse logistics service,Logistics,Logistics,5389,11538,1170681,175,Pune Maharashtra,Pune Maharashtra,14 days,7 days nationwide,1,"positive only if same category family, quantity sufficient, estimated cost within budget, and delivery days <= required days"
inland cargo transport,road freight capacity,Logistics,Logistics,2194,4689,556212,172,Mumbai,Pune,21 days,7 days nationwide,1,"positive only if same category family, quantity sufficient, estimated cost within budget, and delivery days <= required days"
inland cargo transport,road freight capacity,Logistics,Logistics,5123,9227,560176,77,Chennai,Chennai,14 days,14 days nationwide,1,"positive only if same category family, quantity sufficient, estimated cost within budget, and delivery days <= required days"
inland cargo transport,printed circuit boards,Logistics,Electronics,4561,4661,364880,50,Pune,Delhi,30 days,14 days,0,"positive only if same category family, quantity sufficient, estimated cost within budget, and delivery days <= required days"
inland cargo transport,electronic control modules,Logistics,Raw Materials,3718,3818,297440,50,Pune,Delhi,30 days,14 days,0,"positive only if same category family, quantity sufficient, estimated cost within budget, and delivery days <= required days"
inland cargo transport,pcb assemblies,Logistics,Electronics,3933,4033,314640,50,Pune,Delhi,30 days,14 days,0,"positive only if same category family, quantity sufficient, estimated cost within budget, and delivery days <= required days"
inland cargo transport,industrial sensors,Logistics,Steel & Metals,4199,4299,335920,50,Pune,Delhi,30 days,14 days,0,"positive only if same category family, quantity sufficient, estimated cost within budget, and delivery days <= required days"
inland cargo transport,power supply units,Logistics,Packaging,3149,3249,251920,50,Pune,Delhi,30 days,14 days,0,"positive only if same category family, quantity sufficient, estimated cost within budget, and delivery days <= required days"
inland cargo transport,palletized freight handling,Logistics,Logistics,5000,1000,800000,120,Pune,Pune,30 days,14 days,0,"positive only if same category family, quantity sufficient, estimated cost within budget, and delivery days <= required days"
inland cargo transport,palletized freight handling,Logistics,Logistics,2000,9000,50000,80,Pune,Pune,10 days,30 days,0,"positive only if same category family, quantity sufficient, estimated cost within budget, and delivery days <= required days"
warehouse logistics service,palletized freight handling,Logistics,Logistics,4483,7327,653571,113,Pune,Pune,21 days,21 days nationwide,1,"positive only if same category family, quantity sufficient, estimated cost within budget, and delivery days <= required days"
warehouse logistics service,palletized freight handling,Logistics,Logistics,4147,6365,1112825,195,Pune,Pune,14 days,10 days nationwide,1,"positive only if same category family, quantity sufficient, estimated cost within budget, and delivery days <= required days"
warehouse logistics service,inland cargo transport,Logistics,Logistics,5083,11073,192801,29,Pune Maharashtra,Pune,21 days,21 days nationwide,1,"positive only if same category family, quantity sufficient, estimated cost within budget, and delivery days <= required days"
warehouse logistics service,inland cargo transport,Logistics,Logistics,4066,8113,896613,149,Pune Maharashtra,Pune Maharashtra,30 days,30 days nationwide,1,"positive only if same category family, quantity sufficient, estimated cost within budget, and delivery days <= required days"
warehouse logistics service,warehouse logistics service,Logistics,Logistics,1948,3459,420714,174,Chennai,Chennai,21 days,21 days nationwide,1,"positive only if same category family, quantity sufficient, estimated cost within budget, and delivery days <= required days"
warehouse logistics service,warehouse logistics service,Logistics,Logistics,5538,8177,1052645,127,Mumbai,Mumbai,21 days,10 days nationwide,1,"positive only if same category family, quantity sufficient, estimated cost within budget, and delivery days <= required days"
warehouse logistics service,road freight capacity,Logistics,Logistics,4173,5415,621384,102,Pune Maharashtra,Pune Maharashtra,21 days,7 days nationwide,1,"positive only if same category family, quantity sufficient, estimated cost within budget, and delivery days <= required days"
warehouse logistics service,road freight capacity,Logistics,Logistics,1989,3797,143198,60,Pune,Pune,45 days,14 days nationwide,1,"positive only if same category family, quantity sufficient, estimated cost within budget, and delivery days <= required days"
warehouse logistics service,hydraulic fittings,Logistics,Electronics,1194,1294,95520,50,Pune,Delhi,30 days,14 days,0,"positive only if same category family, quantity sufficient, estimated cost within budget, and delivery days <= required days"
warehouse logistics service,mechanical couplings,Logistics,Packaging,1389,1489,111120,50,Pune,Delhi,30 days,14 days,0,"positive only if same category family, quantity sufficient, estimated cost within budget, and delivery days <= required days"
warehouse logistics service,industrial machine parts,Logistics,Electronics,1810,1910,144800,50,Pune,Delhi,30 days,14 days,0,"positive only if same category family, quantity sufficient, estimated cost within budget, and delivery days <= required days"
warehouse logistics service,precision machined components,Logistics,Electronics,2882,2982,230560,50,Pune,Delhi,30 days,14 days,0,"positive only if same category family, quantity sufficient, estimated cost within budget, and delivery days <= required days"
warehouse logistics service,palletized freight handling,Logistics,Logistics,5000,1000,800000,120,Pune,Pune,30 days,14 days,0,"positive only if same category family, quantity sufficient, estimated cost within budget, and delivery days <= required days"
warehouse logistics service,palletized freight handling,Logistics,Logistics,2000,9000,50000,80,Pune,Pune,10 days,30 days,0,"positive only if same category family, quantity sufficient, estimated cost within budget, and delivery days <= required days"
road freight capacity,palletized freight handling,Logistics,Logistics,7121,13705,408157,50,Pune Maharashtra,Pune Maharashtra,30 days,21 days nationwide,1,"positive only if same category family, quantity sufficient, estimated cost within budget, and delivery days <= required days"
road freight capacity,palletized freight handling,Logistics,Logistics,6516,8890,365553,46,Mumbai,Mumbai,21 days,7 days nationwide,1,"positive only if same category family, quantity sufficient, estimated cost within budget, and delivery days <= required days"
road freight capacity,inland cargo transport,Logistics,Logistics,4626,5229,657358,96,Mumbai,Mumbai,21 days,14 days nationwide,1,"positive only if same category family, quantity sufficient, estimated cost within budget, and delivery days <= required days"
road freight capacity,inland cargo transport,Logistics,Logistics,2045,4076,241803,100,Pune,Pune,21 days,10 days nationwide,1,"positive only if same category family, quantity sufficient, estimated cost within budget, and delivery days <= required days"
road freight capacity,warehouse logistics service,Logistics,Logistics,1822,2734,397302,149,Pune Maharashtra,Pune,14 days,7 days nationwide,1,"positive only if same category family, quantity sufficient, estimated cost within budget, and delivery days <= required days"
road freight capacity,warehouse logistics service,Logistics,Logistics,3241,5038,169553,43,Chennai,Chennai,45 days,10 days nationwide,1,"positive only if same category family, quantity sufficient, estimated cost within budget, and delivery days <= required days"
road freight capacity,road freight capacity,Logistics,Logistics,2269,4809,270714,85,Chennai,Chennai,21 days,7 days nationwide,1,"positive only if same category family, quantity sufficient, estimated cost within budget, and delivery days <= required days"
road freight capacity,road freight capacity,Logistics,Logistics,4036,8367,813114,130,Pune Maharashtra,Pune,30 days,21 days nationwide,1,"positive only if same category family, quantity sufficient, estimated cost within budget, and delivery days <= required days"
road freight capacity,corrugated cartons,Logistics,Steel & Metals,3697,3797,295760,50,Pune,Delhi,30 days,14 days,0,"positive only if same category family, quantity sufficient, estimated cost within budget, and delivery days <= required days"
road freight capacity,industrial packaging boxes,Logistics,Packaging,3112,3212,248960,50,Pune,Delhi,30 days,14 days,0,"positive only if same category family, quantity sufficient, estimated cost within budget, and delivery days <= required days"
road freight capacity,protective packing material,Logistics,Packaging,2609,2709,208720,50,Pune,Delhi,30 days,14 days,0,"positive only if same category family, quantity sufficient, estimated cost within budget, and delivery days <= required days"
road freight capacity,custom cardboard cartons,Logistics,Packaging,2713,2813,217040,50,Pune,Delhi,30 days,14 days,0,"positive only if same category family, quantity sufficient, estimated cost within budget, and delivery days <= required days"
road freight capacity,palletized freight handling,Logistics,Logistics,5000,1000,800000,120,Pune,Pune,30 days,14 days,0,"positive only if same category family, quantity sufficient, estimated cost within budget, and delivery days <= required days"
road freight capacity,palletized freight handling,Logistics,Logistics,2000,9000,50000,80,Pune,Pune,10 days,30 days,0,"positive only if same category family, quantity sufficient, estimated cost within budget, and delivery days <= required days"
